PriceRange,ReleaseYear,Camera,AvailableColors,Ram_GB,NetworkSupport,BluetoothVersion,Rom_GB,BatteryCapacity,VideoRes,NumOfSensors,FastCharging,WR_version,OTG,USB_Version,TypeC,NFC,Display,Protection,Chipset,Processor,GPU,Fingerprint,FaceLock
4.0,2022.0,32.0,4.0,8.0,4.0,5.0,128.0,4500.0,2160.0,5.0,25.0,68.0,1,3.2,1,1,Dynamic AMOLED 2X Touchscreen,1,Exynos 2100 (5 nm),"Octa core, up to 2.9 GHz",Mali-G78 MP14,1,1
1.0,2021.0,5.0,2.0,4.0,3.0,5.0,64.0,5000.0,0.0,3.0,15.0,0.0,1,2.0,1,0,PLS IPS Touchscreen,0,MediaTek Helio P35 (12nm),"Octa core, up to 2.35 GHz",PowerVR GE8320,1,1
3.0,2021.0,32.0,4.0,8.0,4.0,5.0,128.0,4500.0,2160.0,5.0,25.0,67.0,1,2.0,1,0,Super AMOLED Touchscreen,1,Qualcomm Snapdragon 778G 5G (6 nm),"Octa core, up to 2.4 GHz",Adreno 642L,1,1
1.0,2021.0,13.0,2.0,6.0,3.0,5.0,128.0,6000.0,1080.0,5.0,15.0,0.0,1,2.0,1,0,Super AMOLED Touchscreen,0,Mediatek Helio G80 (12 nm),"Octa core, up to 2.0 GHz",Mali-G52 MC2,1,1
4.0,2021.0,4.0,3.0,12.0,4.0,5.2,256.0,4400.0,2160.0,6.0,25.0,30.0,1,3.2,1,1,Foldable Dynamic AMOLED 2X Touchscreen,1,Qualcomm Snapdragon 888 5G (5 nm),"Octa core, up to 2.84 GHz",Adreno 660,1,1
4.0,2021.0,10.0,7.0,8.0,4.0,5.1,128.0,3300.0,2160.0,6.0,15.0,30.0,1,3.1,1,1,Foldable Dynamic AMOLED 2X Touchscreen,1,Qualcomm Snapdragon 888 5G (5 nm),"Octa core, up to 2.84 GHz",Adreno 660,1,1
1.0,2021.0,20.0,2.0,6.0,3.0,5.0,128.0,6000.0,1080.0,5.0,25.0,0.0,1,2.0,1,0,Super AMOLED Touchscreen,0,Mediatek Helio G80 (12 nm),"Octa core, up to 2.0 GHz",Mali-G52 MC2,1,1
1.0,2021.0,13.0,4.0,6.0,3.0,5.0,128.0,5000.0,1080.0,5.0,15.0,0.0,1,2.0,1,0,Super AMOLED Touchscreen,0,Mediatek Helio G80 (12 nm),"Octa core, up to 2.0 GHz",Mali-G52 MC2,1,1
2.0,2021.0,32.0,3.0,8.0,3.0,5.0,128.0,7000.0,2160.0,5.0,25.0,0.0,1,2.0,1,1,Super AMOLED Touchscreen,1,Exynos 9825 (7 nm),"Octa core, up to 2.73 GHz",Mali-G76 MP12,1,1
1.0,2021.0,8.0,3.0,6.0,3.0,5.0,128.0,6000.0,1080.0,3.0,15.0,0.0,1,2.0,1,0,PLS IPS Touchscreen,0,Exynos 850 (8nm),"Octa core, up to 2.0 GHz",Mali-G52,1,1
3.0,2021.0,32.0,4.0,8.0,3.0,5.0,256.0,5000.0,2160.0,5.0,25.0,67.0,1,2.0,1,0,Super AMOLED Touchscreen,1,Qualcomm Snapdragon 720G (8 nm),"Octa core, up to 2.3 GHz",Adreno 618,1,1
2.0,2021.0,32.0,4.0,8.0,3.0,5.0,128.0,4500.0,2160.0,5.0,25.0,67.0,1,2.0,1,0,Super AMOLED Touchscreen,1,Qualcomm Snapdragon 720G (8 nm),"Octa core, up to 2.3 GHz",Adreno 618,1,1
2.0,2021.0,20.0,4.0,6.0,3.0,5.0,128.0,5000.0,1080.0,5.0,15.0,0.0,1,2.0,1,0,Super AMOLED Touchscreen,0,Mediatek Helio G80 (12 nm),"Octa core, up to 2.0 GHz",Mali-G52 MC2,1,1
0.0,2021.0,5.0,4.0,3.0,3.0,5.0,32.0,5000.0,0.0,2.0,0.0,0.0,1,2.0,0,0,PLS IPS Touchscreen,0,Mediatek MT6739W (28 nm),"Quad-core, 1.5 GHz",PowerVR GE8100,0,1
1.0,2020.0,8.0,4.0,6.0,3.0,5.0,32.0,5000.0,1080.0,3.0,15.0,0.0,1,2.0,1,0,PLS IPS Touchscreen,0,Mediatek Helio P35 (12nm),"Octa core, up to 2.35 GHz",PowerVR GE8320,1,1
1.0,2021.0,5.0,3.0,4.0,3.0,4.2,64.0,5000.0,0.0,2.0,15.0,0.0,1,2.0,0,0,PLS IPS Touchscreen,0,Qualcomm Snapdragon 450 (14 nm),"Octa core, up to 2.0 GHz",Adreno 506,0,1
4.0,2021.0,40.0,5.0,16.0,4.0,5.2,128.0,5000.0,2160.0,6.0,25.0,68.0,1,3.2,1,1,Dynamic AMOLED 2X Touchscreen,1,Exynos 2100 (5 nm),"Octa core, up to 2.9 GHz",Mali-G78 MP14,1,1
1.0,2020.0,8.0,2.0,3.0,3.0,4.2,32.0,4000.0,0.0,3.0,0.0,0.0,1,2.0,0,0,PLS IPS Touchscreen,0,Mediatek Helio P22 (12 nm),"Octa core, up to 2.0 GHz",PowerVR GE8320,1,1
4.0,2020.0,10.0,3.0,12.0,4.0,5.0,128.0,4500.0,2160.0,6.0,25.0,68.0,1,3.1,1,1,Dynamic AMOLED 2X Touchscreen,1,Exynos 990 (7 nm+),"Octa core, up to 2.73 GHz",Mali-G77 MP11,1,1
0.0,2015.0,240.0,3.0,32.0,1.0,2.1,16.0,1200.0,320.0,1.0,0.0,0.0,0,2.0,0,0,TFT,1,,,,0,0
0.0,2014.0,128.0,1.0,4.0,1.0,4.0,16.0,2000.0,0.0,1.0,0.0,0.0,0,2.0,0,0,TFT,1,,,,0,0
0.0,2015.0,128.0,4.0,16.0,1.0,2.1,16.0,1000.0,176.0,1.0,0.0,0.0,0,2.0,0,0,TFT,1,,,,0,0
0.0,2020.0,5.0,3.0,2.0,3.0,5.0,16.0,3000.0,0.0,1.0,0.0,0.0,0,2.0,0,0,PLS TFT Touchscreen,0,Mediatek MT6739 (28 nm),"Quad-core, up to 1.5 GHz",PowerVR GE8100,0,1
1.0,2020.0,20.0,2.0,6.0,3.0,5.0,64.0,6000.0,1080.0,5.0,15.0,0.0,1,2.0,1,0,Super AMOLED Touchscreen,1,Exynos 9611 (10 nm),"Octa core, up to 2.3 GHz",Mali-G72 MP3,1,1
1.0,2020.0,32.0,3.0,6.0,3.0,5.0,64.0,6000.0,2160.0,5.0,15.0,0.0,1,2.0,1,0,Super AMOLED Touchscreen,1,Exynos 9611 (10 nm),"Octa core, up to 2.3 GHz",Mali-G72 MP3,1,1
4.0,2021.0,10.0,6.0,8.0,4.0,5.0,128.0,4800.0,2160.0,6.0,25.0,68.0,1,3.2,1,1,Dynamic AMOLED 2X Touchscreen,1,Exynos 2100 (5 nm),"Octa core, up to 2.9 GHz",Mali-G78 MP14,1,1
2.0,2020.0,32.0,2.0,8.0,3.0,5.0,128.0,7000.0,1080.0,5.0,25.0,0.0,1,2.0,1,1,Super AMOLED Touchscreen,1,Qualcomm Snapdragon 730G (8 nm),"Octa core, up to 2.2 GHz",Adreno 618,1,1
4.0,2020.0,10.0,3.0,8.0,3.0,5.0,256.0,4300.0,2160.0,6.0,25.0,68.0,1,3.1,1,1,Super AMOLED Touchscreen,1,Exynos 990 (7 nm+),"Octa core, up to 2.73 GHz",Mali-G77 MP11,1,1
1.0,2020.0,5.0,2.0,3.0,3.0,4.2,32.0,4000.0,0.0,2.0,0.0,0.0,1,2.0,0,0,PLS TFT Touchscreen,0,Qualcomm Snapdragon 439 (12 nm),"Octa core, up to 1.95 GHz",Adreno 505,0,1
4.0,2020.0,32.0,6.0,8.0,3.0,5.0,128.0,4500.0,2160.0,6.0,25.0,68.0,1,3.2,1,1,Super AMOLED Touchscreen,1,Exynos 990 (7 nm+),"Octa core, up to 2.73 GHz",Mali-G77 MP11,1,1
1.0,2020.0,8.0,3.0,4.0,3.0,4.2,32.0,5000.0,1080.0,3.0,15.0,0.0,1,2.0,1,0,PLS TFT Touchscreen,0,Qualcomm Snapdragon 450 (14 nm),"Octa core, up to 1.8 GHz",Adreno 506,1,1
1.0,2020.0,20.0,4.0,6.0,3.0,5.0,64.0,5000.0,1080.0,5.0,15.0,0.0,1,2.0,1,0,Super AMOLED Touchscreen,0,MediaTek Helio P65 (12 nm),"Octa core, up to 2.0 GHz",Mali-G52,1,1
4.0,2020.0,40.0,2.0,16.0,4.0,5.0,128.0,5000.0,2160.0,5.0,45.0,68.0,1,3.1,1,1,Dynamic AMOLED 2X Touchscreen,1,Exynos 990 (7 nm+),"Octa core, up to 2.73 GHz",Mali-G77 MP11,1,1
3.0,2020.0,32.0,3.0,8.0,3.0,5.0,128.0,4500.0,1080.0,6.0,25.0,0.0,1,2.0,1,0,Super AMOLED Touchscreen,1,Exynos 9810 (10 nm),"Octa core, up to 2.7 GHz",Mali-G72 MP18,1,1
2.0,2019.0,32.0,5.0,8.0,3.0,5.0,128.0,4500.0,1080.0,5.0,25.0,0.0,1,2.0,1,0,Super AMOLED Touchscreen,1,Qualcomm Snapdragon 730 (8 nm),"Octa core, up to 2.2 GHz",Adreno 618,1,1
2.0,2019.0,32.0,5.0,6.0,3.0,5.0,64.0,4000.0,1080.0,5.0,15.0,0.0,1,2.0,1,0,Super AMOLED Touchscreen,1,Exynos 9611 (10 nm),"Octa core, up to 2.3 GHz",Mali-G72 MP3,1,1
4.0,2020.0,10.0,3.0,12.0,4.0,5.0,256.0,4500.0,2160.0,6.0,25.0,0.0,1,3.1,1,1,Foldable Dynamic AMOLED 2X Touchscreen,0,Qualcomm Snapdragon 865+ (7 nm+),"Octa core, up to 3.09 GHz",Adreno 650,1,1
1.0,2020.0,13.0,4.0,6.0,3.0,5.0,32.0,5000.0,1080.0,5.0,15.0,0.0,1,2.0,1,0,PLS TFT Touchscreen,0,Exynos 850 (8 nm),"Octa core, up to 2.2 GHz",Mali-G52,1,1
4.0,2020.0,10.0,3.0,8.0,3.0,5.0,256.0,3300.0,2160.0,6.0,15.0,0.0,1,3.1,1,1,Dynamic AMOLED Foldable Touchscreen,1,Qualcomm Snapdragon 855+ (7 nm),"Octa core, up to 2.95 GHz",Adreno 640,1,1
0.0,2020.0,5.0,3.0,2.0,3.0,4.2,16.0,3000.0,0.0,2.0,0.0,0.0,1,2.0,0,0,PLS TFT Touchscreen,0,Qualcomm Snapdragon 439 (12 nm),"Octa core, up to 1.95 GHz",Adreno 505,0,1
0.0,2019.0,5.0,2.0,1.0,3.0,4.2,8.0,2600.0,0.0,2.0,0.0,0.0,1,2.0,0,0,PLS TFT Touchscreen,0,Exynos 7870 Octa (14 nm),"Octa core, 1.6 GHz",Mali-T830 MP1,0,0
4.0,2020.0,10.0,3.0,12.0,5.0,5.0,128.0,4500.0,2160.0,5.0,25.0,68.0,1,3.1,1,1,Dynamic AMOLED 2X Touchscreen,1,Exynos 990 (7 nm+),"Octa core, up to 2.73 GHz",Mali-G77 MP11,1,1
4.0,2019.0,10.0,3.0,12.0,5.0,5.0,256.0,4300.0,2160.0,6.0,45.0,68.0,1,3.1,1,0,Dynamic AMOLED Touchscreen,1,Exynos 9825 (7 nm),"Octa core, up to 2.73 GHz",Mali-G76 MP12,1,1
2.0,2019.0,16.0,3.0,6.0,3.0,5.0,64.0,6000.0,1080.0,5.0,15.0,0.0,1,2.0,1,0,Super AMOLED Touchscreen,0,Exynos 9611 (10nm),"Octa core, up to 2.3 GHz",Mali-G72 MP3,1,1
4.0,2019.0,10.0,3.0,8.0,3.0,5.0,128.0,4100.0,2160.0,7.0,15.0,68.0,1,3.1,1,0,Dynamic AMOLED Touchscreen,1,Exynos 9820 Octa (8 nm),"Octa core, up to 2.73 GHz",Mali-G76 MP12,1,1
1.0,2019.0,16.0,2.0,6.0,3.0,5.0,128.0,3500.0,1080.0,6.0,15.0,0.0,1,2.0,1,0,PLS TFT Touchscreen,1,Qualcomm Snapdragon 675 (11 nm),"Octa core, up to 2.0 GHz",Adreno 612,1,1
4.0,2018.0,8.0,4.0,6.0,3.0,5.0,128.0,4000.0,1440.0,9.0,15.0,68.0,1,3.1,1,1,Super AMOLED Touchscreen,1,Exynos 9810 (10 nm),"Octa core, up to 2.4 GHz",Mali-G72 MP18,1,1
2.0,2019.0,32.0,4.0,6.0,3.0,5.0,64.0,4000.0,1080.0,5.0,15.0,0.0,1,2.0,1,0,Super AMOLED Touchscreen,0,Exynos 9611 (10 nm),"Octa core, up to 2.3 GHz",Mali-G72 MP3,1,1
1.0,2019.0,16.0,4.0,4.0,3.0,4.2,32.0,4000.0,1080.0,5.0,15.0,0.0,1,2.0,1,0,Super AMOLED Touchscreen,1,Exynos 7904 (14 nm),"Octa core, up to 1.8 GHz",Mali-G71 MP2,1,1
1.0,2019.0,8.0,4.0,4.0,3.0,4.2,32.0,4000.0,0.0,5.0,15.0,0.0,1,2.0,1,0,IPS LCS Touchscreen,0,Qualcomm Snapdragon 450 (14 nm),"Octa core, 1.8 GHz",Adreno 506,1,1
1.0,2019.0,8.0,4.0,3.0,3.0,5.0,32.0,4000.0,1080.0,5.0,0.0,0.0,1,2.0,0,0,IPS LCS Touchscreen,0,Mediatek MT6762 Helio P22 (12 nm),"Octa core, up to 2.0 GHz",PowerVR GE8320,1,1
3.0,2019.0,0.0,3.0,8.0,3.0,5.0,128.0,3700.0,0.0,5.0,25.0,0.0,1,2.0,1,0,Super AMOLED Touchscreen,1,Qualcomm Snapdragon 730 (8 nm),"Octa core, up to 2.2 GHz",Adreno 618,1,1
1.0,2019.0,25.0,3.0,4.0,3.0,5.0,64.0,4000.0,1080.0,5.0,15.0,0.0,1,2.0,1,0,Super AMOLED Touchscreen,1,Exynos 9610 Octa (10nm),"Octa core, up to 2.3 GHz",Mali-G72 MP3,1,1
2.0,2019.0,32.0,4.0,6.0,3.0,5.0,128.0,4500.0,1080.0,5.0,25.0,0.0,1,2.0,1,0,Super AMOLED Touchscreen,0,Qualcomm Snapdragon 675 (11 nm),"Octa core, up to 2.0 GHz",Adreno 612,1,1
1.0,2019.0,8.0,2.0,3.0,3.0,5.0,32.0,4000.0,0.0,5.0,15.0,0.0,1,2.0,1,0,Super AMOLED Touchscreen,0,Exynos 7884 Octa (14 nm),"Octa core, up to 1.6 GHz",Mali-G71 MP2,1,1
1.0,2019.0,5.0,3.0,2.0,3.0,5.0,32.0,3400.0,0.0,2.0,0.0,0.0,1,2.0,0,0,TFT Touchscreen,0,Exynos 7884 Octa,"Octa core, up to 1.6 GHz",Mali-G71 MP2,0,1
1.0,2019.0,16.0,3.0,4.0,3.0,5.0,64.0,4000.0,1080.0,6.0,15.0,0.0,1,2.0,1,0,Super AMOLED Touchscreen,1,Exynos 7904 Octa (14nm),"Octa core, up to 1.8 GHz",Mali-G71 MP2,1,1
4.0,2019.0,10.0,3.0,8.0,3.0,5.0,128.0,3400.0,2160.0,7.0,15.0,68.0,1,3.1,1,0,Dynamic AMOLED Touchscreen,1,Exynos 9820 Octa (8 nm),"Octa core, up to 2.73 GHz",Mali-G76 MP12,1,1
4.0,2019.0,10.0,1.0,6.0,3.0,5.0,128.0,3100.0,2160.0,6.0,15.0,68.0,1,2.0,1,0,Dynamic AMOLED Touchscreen,1,Exynos 9820 Octa (8 nm),"Octa core, up to 2.73 GHz",Mali-G76 MP12,1,1
1.0,2019.0,8.0,2.0,3.0,3.0,5.0,32.0,5000.0,1080.0,5.0,15.0,0.0,1,2.0,1,0,PLS-TFT Touchscreen,0,Exynos 7904 Octa (14 nm),"Octa core, up to 1.8 GHz",Mali-G71 MP2,1,1
1.0,2019.0,5.0,1.0,2.0,3.0,4.2,16.0,3400.0,1080.0,2.0,0.0,0.0,1,2.0,0,0,PLS-TFT Touchscreen,0,Exynos 7904 Octa (14 nm),"Octa core, 1.6 GHz",Mali-T830 MP1,0,1
2.0,2018.0,24.0,4.0,4.0,3.0,4.2,32.0,3500.0,1080.0,5.0,0.0,0.0,1,2.0,0,0,Super AMOLED Touchscreen,0,Qualcomm Snapdragon 450 (14 nm),"Octa core, 1.8 GHz",Adreno 506,1,1
1.0,2018.0,24.0,4.0,6.0,3.0,5.0,64.0,3300.0,1080.0,5.0,0.0,0.0,1,2.0,0,0,Super AMOLED Touchscreen,1,Exynos 7885 (14 nm),"Octa core, up to 2.2 GHz",Mali-G71,1,1
2.0,2018.0,24.0,3.0,8.0,3.0,5.0,64.0,3800.0,1080.0,5.0,18.0,0.0,1,2.0,1,1,Super AMOLED Touchscreen,1,Qualcomm Snapdragon 660 (14 nm),"Octa core, up to 2.2 GHz",Adreno 512,1,1
1.0,2018.0,8.0,4.0,4.0,3.0,4.2,32.0,3300.0,1080.0,2.0,0.0,0.0,1,2.0,0,0,IPS LCD Touchscreen,0,Qualcomm Snapdragon 425 (28 nm),"Quad-core, 1.4 GHz",Adreno 308,0,1
1.0,2018.0,5.0,4.0,3.0,3.0,4.2,16.0,3300.0,0.0,2.0,0.0,0.0,1,2.0,0,0,IPS LCD Touchscreen,0,Qualcomm Snapdragon 425 (28 nm),"Quad-core, 1.4 GHz",Adreno 308,0,1
0.0,2018.0,5.0,3.0,1.0,3.0,4.2,8.0,2600.0,0.0,2.0,0.0,0.0,1,2.0,0,0,PLS TFT Touchscreen,1,Exynos 7570 Quad (14 nm),"Quad-core, 1.4 GHz",Mali-T720,0,0
1.0,2018.0,16.0,4.0,4.0,3.0,4.2,32.0,3500.0,1080.0,3.0,0.0,0.0,1,2.0,0,0,Super AMOLED Touchscreen,0,Qualcomm Snapdragon 450 (14 nm),"Octa core, 1.8 GHz",Adreno 506,1,1
1.0,2018.0,5.0,3.0,3.0,3.0,4.2,16.0,3000.0,0.0,3.0,0.0,0.0,1,2.0,0,0,Super AMOLED Touchscreen,0,Exynos 7570 Quad (14 nm),"Quad-core, 1.4 GHz",Mali-T720 MP2,0,0
1.0,2018.0,8.0,3.0,4.0,3.0,4.2,32.0,3000.0,1080.0,3.0,0.0,0.0,1,2.0,0,0,Super AMOLED Touchscreen,1,Exynos 7870 Octa (14 nm),"Octa core, 1.6 GHz",Mali-T830 MP1,1,1
3.0,2018.0,8.0,4.0,6.0,3.0,5.0,64.0,3500.0,1440.0,6.0,15.0,68.0,1,3.1,1,1,Super AMOLED Touchscreen,1,Exynos 9810 (10 nm),"Octa core, up to 2.8 GHz",Mali-G72 MP18,1,1
1.0,2021.0,5.0,3.0,6.0,3.0,5.0,64.0,5000.0,1080.0,3.0,10.0,0.0,1,2.0,0,0,IPS LCD Touchscreen,0,MediaTek Helio G35 (12 nm),"Octa core, up to 2.3 GHz",PowerVR GE8320,1,1
4.0,2021.0,16.0,3.0,8.0,4.0,5.2,128.0,5000.0,1080.0,5.0,120.0,53.0,1,2.0,1,1,AMOLED Touchscreen,1,Qualcomm Snapdragon 888 5G (5 nm),"Octa core, up to 2.84 GHz",Adreno 660,1,1
3.0,2021.0,16.0,3.0,8.0,4.0,5.2,128.0,5000.0,1080.0,5.0,67.0,53.0,1,2.0,1,1,AMOLED Touchscreen,1,MediaTek Dimensity 1200 5G (6 nm),"Octa core, up to 3.0 GHz",Mali-G77 MC9,1,1
1.0,2021.0,8.0,3.0,6.0,3.0,5.1,64.0,6000.0,1080.0,4.0,18.0,0.0,1,2.0,1,0,LCD Touchscreen,1,MediaTek Helio G88 (12nm),"Octa core, up to 2.0 GHz",Mali-G52 MC2,1,1
2.0,2021.0,20.0,4.0,8.0,4.0,5.2,128.0,4250.0,1080.0,5.0,33.0,53.0,1,2.0,1,0,AMOLED Touchscreen,1,Qualcomm Snapdragon 778G 5G (6 nm),"Octa core, up to 2.4 GHz",Adreno 642L,1,1
1.0,2021.0,8.0,3.0,6.0,3.0,5.1,64.0,5000.0,1080.0,4.0,18.0,0.0,1,2.0,1,0,LCD Touchscreen,1,MediaTek Helio G88 (12nm),"Octa core, up to 2.0 GHz",Mali-G52 MC2,1,1
1.0,2021.0,8.0,2.0,6.0,4.0,5.1,128.0,5000.0,1080.0,5.0,18.0,0.0,1,2.0,1,0,IPS LCD Touchscreen,1,MediaTek Dimensity 700 5G (7 nm),"Octa core, up to 2.2 GHz",Mali-G57 MC2,1,1
2.0,2021.0,16.0,3.0,6.0,3.0,5.1,64.0,5020.0,1080.0,5.0,33.0,53.0,1,2.0,1,0,Super AMOLED Touchscreen,1,Qualcomm Snapdragon 732G (8 nm),"Octa core, up to 2.3 GHz",Adreno 618,1,1
1.0,2021.0,13.0,3.0,8.0,3.0,5.1,64.0,5000.0,1080.0,5.0,33.0,53.0,1,2.0,1,0,AMOLED Touchscreen,1,Mediatek Helio G95 (12 nm),"Octa core, up to 2.05 GHz",Mali-G76 MC4,1,1
2.0,2021.0,20.0,3.0,8.0,3.0,5.0,128.0,5160.0,1080.0,5.0,33.0,53.0,1,2.0,1,1,IPS LCD Touchscreen,1,Qualcomm Snapdragon 860 (7 nm),"Octa core, up to 2.96 GHz",Adreno 640,1,1
2.0,2021.0,20.0,3.0,8.0,4.0,5.1,128.0,4520.0,1080.0,5.0,33.0,0.0,1,2.0,1,0,Super AMOLED Touchscreen,1,Qualcomm Snapdragon 870 5G (7 nm),"Octa core, up to 3.2 GHz",Adreno 650,1,1
1.0,2020.0,5.0,3.0,4.0,3.0,5.0,64.0,5000.0,1080.0,3.0,10.0,0.0,1,2.0,0,0,IPS LCD Touchscreen,1,MediaTek Helio G35 (12 nm),"Octa core, up to 2.3 GHz",PowerVR GE8320,1,1
2.0,2021.0,16.0,3.0,6.0,3.0,5.1,64.0,5020.0,1080.0,5.0,33.0,53.0,1,2.0,1,0,Super AMOLED Touchscreen â€“ 64 MP version,1,Qualcomm Snapdragon 732G (8 nm),"Octa core, up to 2.3 GHz",Adreno 618,1,1
1.0,2021.0,8.0,2.0,4.0,3.0,5.0,64.0,5000.0,1080.0,4.0,18.0,0.0,1,2.0,1,0,IPS LCD Touchscreen,1,MediaTek Helio G80 (12 nm),"Octa core, up to 2.0 GHz",Mali-G52 MC2,1,1
1.0,2020.0,5.0,3.0,4.0,3.0,5.0,32.0,5000.0,1080.0,3.0,10.0,0.0,1,2.0,0,0,IPS LCD Touchscreen,0,MediaTek Helio G35 (12 nm),"Octa core, 2.3 GHz",PowerVR GE8320,1,1
1.0,2020.0,8.0,3.0,6.0,3.0,5.0,64.0,6000.0,1080.0,4.0,18.0,0.0,1,2.0,1,0,IPS LCD Touchscreen,1,Qualcomm Snapdragon 662 (11 nm),"Octa core, up to 2.0 GHz",Adreno 610,1,1
0.0,2020.0,5.0,3.0,2.0,3.0,5.0,32.0,5000.0,1080.0,3.0,10.0,0.0,1,2.0,0,0,IPS LCD Touchscreen,0,MediaTek Helio G25 (12 nm),"Octa core, 2.0 GHz",PowerVR GE8320 (650 MHz),0,1
1.0,2021.0,13.0,3.0,4.0,3.0,5.2,64.0,4000.0,1080.0,5.0,18.0,0.0,1,2.0,1,0,IPS LCD Touchscreen,1,MediaTek Helio G85 (12 nm),"Octa core, up to 2.0 GHz",Mali-G52 MC2,1,1
1.0,2020.0,8.0,4.0,6.0,3.0,5.0,64.0,6000.0,1080.0,4.0,18.0,0.0,1,2.0,1,0,IPS LCD Touchscreen,1,Qualcomm Snapdragon 662 (11 nm),"Octa core, up to 2.0 GHz",Adreno 610,1,1
2.0,2021.0,16.0,3.0,8.0,3.0,5.1,128.0,4250.0,1080.0,5.0,33.0,53.0,1,2.0,1,0,AMOLED Touchscreen,1,Qualcomm Snapdragon 732G (8nm),"Octa core, up to 2.3 GHz",Adreno 618,1,1
1.0,2021.0,13.0,3.0,6.0,3.0,5.0,64.0,5000.0,1080.0,5.0,33.0,53.0,1,2.0,1,0,Super AMOLED Touchscreen,1,Qualcomm Snapdragon 678 (11 nm),"Octa core, up to 2.0 GHz",Adreo 612,1,1
1.0,2021.0,8.0,4.0,6.0,3.0,5.0,64.0,6000.0,1080.0,4.0,18.0,0.0,1,2.0,1,0,IPS LCD Touchscreen,1,Qualcomm Snapdragon 662 (11 nm),"Octa core, up to 2.0 GHz",Adreno 610,1,1
2.0,2020.0,20.0,2.0,6.0,3.0,5.1,64.0,5160.0,1080.0,5.0,33.0,53.0,1,2.0,1,1,IPS LCD Touchscreen,1,Qualcomm Snapdragon 732G (8 nm),"Octa core, up to 2.2 GHz",Adreno 618,1,1
1.0,2020.0,8.0,3.0,6.0,3.0,5.0,64.0,5000.0,1080.0,4.0,18.0,0.0,1,2.0,1,0,IPS LCD Touchscreen,1,Mediatek Helio G80 (12 nm),"Octa core, up to 2.0 GHz",Mali-G52 MC2,1,1
1.0,2020.0,5.0,3.0,4.0,3.0,5.0,32.0,5000.0,1080.0,2.0,10.0,0.0,1,2.0,0,0,IPS LCD Touchscreen,1,MediaTek Helio G35 (12 nm),"Octa core, up to 2.3 GHz",PowerVR GE8320,0,1
1.0,2020.0,16.0,3.0,6.0,3.0,5.0,64.0,5000.0,1080.0,5.0,33.0,0.0,1,2.0,1,0,IPS LCD Touchscreen,1,Qualcomm Snapdragon 720G (8 nm),"Octa core, up to 2.3 GHz",Adreno 618,1,1
1.0,2020.0,8.0,4.0,6.0,3.0,5.0,32.0,5020.0,1080.0,4.0,18.0,0.0,1,2.0,1,0,IPS LCD Touchscreen,1,Mediatek Helio G80 (12 nm),"Octa core, up to 2.0 GHz",Mali-G52 MC2,1,1
1.0,2020.0,13.0,3.0,6.0,3.0,5.0,64.0,5020.0,1080.0,5.0,18.0,0.0,1,2.0,1,0,IPS LCD Touchscreen,1,MediaTek Helio G85 (12 nm),"Octa core, 2.0 GHz",Mali-G52 MC2,1,1
2.0,2020.0,16.0,3.0,6.0,3.0,5.0,64.0,5020.0,1080.0,5.0,33.0,0.0,1,2.0,1,1,IPS LCD Touchscreen,1,Qualcomm Snapdragon 720G (8 nm),"Octa core, up to 2.23 GHz",Adreno 618,1,1
1.0,2020.0,16.0,3.0,6.0,3.0,5.0,64.0,5020.0,1080.0,5.0,18.0,0.0,1,2.0,1,0,IPS LCD Touchscreen,1,Qualcomm Snapdragon 720G (8 nm),"Octa core, up to 2.23 GHz",Adreno 618,1,1
2.0,2020.0,16.0,3.0,8.0,3.0,5.0,64.0,5260.0,1080.0,5.0,30.0,0.0,1,2.0,1,1,AMOLED Touchscreen,1,Qualcomm Snapdragon 730G (8 nm),"Octa core, up to 2.2 GHz",Adreno 618,1,1
1.0,2019.0,32.0,3.0,6.0,3.0,5.0,64.0,4030.0,1080.0,6.0,18.0,0.0,1,2.0,1,0,Super AMOLED Touchscreen,1,Qualcomm Snapdragon 665 (11 nm),"Octa core, up to 2.0 GHz",Adreno 610,1,1
1.0,2020.0,8.0,3.0,3.0,3.0,4.2,32.0,5000.0,1080.0,4.0,18.0,0.0,1,2.0,1,0,IPS LCD Touchscreen,1,Qualcomm Snapdragon 439 (12 nm),"Octa core, up to 1.95 GHz",Adreno 505,0,1
0.0,2019.0,5.0,2.0,1.0,3.0,4.1,8.0,3000.0,0.0,3.0,0.0,0.0,0,2.0,0,0,IPS LCD Touchscreen,0,Qualcomm Snapdragon 425 (28 nm),"Quad-core, 1.4 GHz",Adreno 308,0,0
1.0,2019.0,20.0,3.0,8.0,3.0,5.0,64.0,4500.0,1080.0,5.0,18.0,0.0,1,2.0,1,0,IPS LCD Touchscreen,1,Mediatek Helio G90T (12 nm),"Octa core, up to 2.05 GHz",Mali-G76 MC4,1,1
1.0,2019.0,13.0,3.0,6.0,3.0,5.0,32.0,4000.0,1080.0,5.0,18.0,0.0,1,2.0,1,0,IPS LCD Touchscreen,1,Qualcomm Snapdragon 665 (11nm),"Octa core, up to 2.0 GHz",Adreno 610,1,1
1.0,2019.0,8.0,3.0,4.0,3.0,4.2,32.0,5000.0,1080.0,4.0,18.0,0.0,1,2.0,1,0,IPS LCD Touchscreen,1,Qualcomm Snapdragon 439 (12 nm),"Octa core, up to 1.95 GHz",Adreno 505,1,1
1.0,2019.0,8.0,3.0,3.0,3.0,4.2,32.0,5000.0,1080.0,4.0,18.0,0.0,1,2.0,1,0,IPS LCD Touchscreen,1,Qualcomm Snapdragon 439 (12 nm),"Octa core, up to 1.95 GHz",Adreno 505,0,1
1.0,2019.0,13.0,3.0,4.0,3.0,5.0,32.0,4000.0,1080.0,6.0,18.0,0.0,1,2.0,1,0,In-Cell LCD Touchscreen,1,Qualcomm Snapdragon 660 (14 nm),"Octa core, up to 2.2 GHz",Adreno 512,1,1
1.0,2019.0,13.0,3.0,6.0,3.0,5.0,64.0,4000.0,1080.0,6.0,18.0,0.0,1,2.0,1,0,In-Cell LCD Touchscreen,1,Qualcomm Snapdragon 675 (11 nm),"Octa core, up to 2.0 GHz",Adreno 612,1,1
1.0,2019.0,13.0,3.0,4.0,3.0,5.0,32.0,4000.0,1080.0,6.0,18.0,0.0,1,2.0,1,0,In-Cell LCD Touchscreen,1,Qualcomm Snapdragon 660 (14 nm),"Octa core, up to 2.2 GHz",Adreno 512,1,1
1.0,2019.0,32.0,3.0,4.0,3.0,4.2,32.0,4000.0,1080.0,6.0,10.0,0.0,1,2.0,1,0,IPS LCD Touchscreen,1,Qualcomm Snapdragon 632 (14 nm),"Octa core, 1.8 GHz",Adreno 506,1,1
1.0,2019.0,5.0,3.0,3.0,3.0,4.2,16.0,4000.0,1080.0,3.0,10.0,0.0,1,2.0,0,0,IPS LCD Touchscreen,0,Qualcomm Snapdragon 439 (12 nm),"Octa core, up to 2.0 GHz",Adreno 505,0,1
1.0,2019.0,8.0,3.0,3.0,3.0,4.2,16.0,4000.0,1080.0,5.0,10.0,0.0,1,2.0,0,0,IPS LCD Touchscreen,1,Qualcomm Snapdragon 632 (14 nm),"Octa core, 1.8 GHz",Adreno 512,1,1
3.0,2019.0,20.0,3.0,8.0,3.0,5.0,64.0,4000.0,1080.0,5.0,27.0,0.0,1,2.0,1,0,Super AMOLED Touchscreen,1,Qualcomm Snapdragon 855 (7 nm),"Octa core, up to 2.84 GHz",Adreno 640,1,1
2.0,2018.0,20.0,4.0,6.0,3.0,5.0,64.0,4000.0,1080.0,6.0,18.0,0.0,1,2.0,1,0,IPS LCD Touchscreen,1,Qualcomm Snapdragon 845 (10 nm),"Octa core, up to 2.0 GHz",Adreno 612,1,1
1.0,2018.0,5.0,3.0,4.0,3.0,5.0,32.0,4000.0,1080.0,6.0,10.0,0.0,1,2.0,0,0,IPS LCD Touchscreen,0,Qualcomm Snapdragon 625 (14 nm),"Octa-core, 2.0 GHz",Adreno 506,1,1
1.0,2018.0,20.0,5.0,4.0,3.0,5.0,64.0,3000.0,1080.0,6.0,18.0,0.0,1,2.0,0,0,LTPS IPS LCD Touchscreen,1,Qualcomm Snapdragon 660 (14 nm),"Octa-core, up to 2.2 GHz",Adreno 512,1,1
1.0,2018.0,20.0,2.0,4.0,3.0,5.0,32.0,4000.0,1080.0,7.0,10.0,0.0,1,2.0,0,0,IPS LCD Touchscreen,1,Qualcomm Snapdragon 636 (14 nm),"Octa-core, 1.8 GHz",Adreno 509,1,1
1.0,2018.0,16.0,3.0,4.0,3.0,4.2,32.0,3080.0,1080.0,5.0,10.0,0.0,1,2.0,0,0,IPS LCD Touchscreen,0,Qualcomm Snapdragon 625 (14 nm),"Octa-core, 2.0 GHz",Adreno 506,1,1
0.0,2018.0,5.0,3.0,2.0,3.0,4.2,16.0,3000.0,0.0,3.0,0.0,0.0,1,2.0,0,0,IPS LCD Touchscreen,0,MediaTek Helio A22 (12 nm),"Quad-core, 2.0 GHz",PowerVR GE8320,0,1
1.0,2018.0,5.0,3.0,3.0,3.0,4.2,32.0,3000.0,0.0,4.0,0.0,0.0,1,2.0,0,0,IPS LCD Touchscreen,0,Mediatek Helio P22 (12 nm),"Octa-core, 2.0 GHz",PowerVR GE8320,1,1
2.0,2021.0,16.0,3.0,8.0,4.0,5.1,128.0,5000.0,1080.0,5.0,65.0,0.0,1,2.0,1,1,AMOLED Touchscreen,1,Qualcomm Snapdragon 870 5G (7 nm),"Octa core, up to 3.2 GHz",Adreno 650,1,1
1.0,2021.0,5.0,2.0,4.0,3.0,4.2,64.0,5000.0,1080.0,4.0,10.0,0.0,1,2.0,0,0,IPS LCD Touchscreen,0,UniSOC T610 (12 nm),"Octa core, up to 1.6 GHz",IMG8322,0,1
1.0,2021.0,8.0,2.0,4.0,3.0,5.0,64.0,5000.0,720.0,4.0,18.0,0.0,1,2.0,0,0,IPS LCD Touchscreen,0,Unisoc T610 (12 nm),"Octa core, up to 1.8 GHz",Mali-G52,1,1
1.0,2021.0,5.0,2.0,4.0,3.0,5.0,32.0,5000.0,1080.0,4.0,10.0,0.0,1,2.0,0,0,IPS LCD Touchscreen,0,Unisoc T610 (12 nm),"Octa core, up to 2.0 GHz",Mali-G52,1,1
0.0,2021.0,5.0,2.0,4.0,3.0,4.2,32.0,5000.0,1080.0,4.0,10.0,0.0,1,2.0,0,0,IPS LCD Touchscreen,0,Unisoc SC9863A (28nm),"Octa core, up to 1.6 GHz",IMG8322,1,1
2.0,2021.0,32.0,4.0,8.0,4.0,5.2,128.0,4300.0,1080.0,5.0,65.0,0.0,1,2.0,1,1,Super AMOLED Touchscreen,1,Qualcomm Snapdragon 778G 5G (6 nm),"Octa core, up to 2.84 GHz",Adreno 642L,1,1
1.0,2021.0,16.0,2.0,6.0,3.0,5.0,128.0,5000.0,1080.0,5.0,30.0,0.0,1,2.0,1,1,IPS LCD Touchscreen,0,Mediatek Helio G95 (12 nm),"Octa core, up to 2.05 GHz",Mali-G76 MC4,1,1
1.0,2021.0,16.0,2.0,8.0,4.0,5.1,128.0,5000.0,1080.0,5.0,18.0,0.0,1,2.0,1,1,IPS LCD Touchscreen,0,MediaTek Dimensity 700 5G (7 nm),"Octa core, up to 2.2 GHz",Mali-G57 MC2,1,1
1.0,2021.0,8.0,2.0,4.0,3.0,5.0,64.0,6000.0,1080.0,4.0,18.0,0.0,1,2.0,1,0,IPS LCD Touchscreen,1,Mediatek Helio G85 (12 nm),"Octa core, up to 2.0 GHz",Mali-G52 MC2,1,1
0.0,2021.0,5.0,2.0,2.0,3.0,5.1,32.0,5000.0,1080.0,3.0,10.0,0.0,1,2.0,0,0,IPS LCD Touchscreen,0,Mediatek Helio G35 (12 nm),"Octa core, up to 2.3 GHz",PowerVR GE8320,0,1
1.0,2021.0,16.0,2.0,8.0,3.0,5.1,128.0,5000.0,1080.0,5.0,30.0,0.0,1,2.0,1,0,Super AMOLED Touchscreen,1,Mediatek Helio G95 (12 nm),"Octa core, up to 2.05 GHz",Mali-G76 MC4,1,1
1.0,2021.0,8.0,2.0,4.0,3.0,5.0,64.0,6000.0,1080.0,4.0,18.0,0.0,1,2.0,1,0,IPS LCD Touchscreen,1,Mediatek Helio G70 (12 nm),"Octa core, up to 2.0 GHz",Mali-G52 2EEMC2,1,1
2.0,2021.0,16.0,4.0,8.0,3.0,5.0,128.0,4500.0,1080.0,5.0,50.0,0.0,1,2.0,1,0,Super AMOLED Touchscreen,1,Qualcomm Snapdragon 720G (8 nm),"Octa core, up to 2.3 GHz",Adreno 618,1,1
1.0,2021.0,5.0,2.0,4.0,3.0,5.0,32.0,5000.0,1080.0,4.0,10.0,0.0,1,2.0,0,0,IPS LCD Touchscreen,0,Mediatek Helio G35 (12 nm),"Octa core, up to 2.3 GHz",PowerVR GE8320,1,1
1.0,2021.0,8.0,2.0,4.0,3.0,5.0,32.0,6000.0,1080.0,4.0,18.0,0.0,1,2.0,1,0,IPS LCD Touchscreen,0,Mediatek Helio G85 (12 nm),"Octa core, up to 2.0 GHz",Mali-G52 MC2,1,1
1.0,2020.0,8.0,2.0,4.0,3.0,5.0,64.0,6000.0,1080.0,4.0,18.0,0.0,1,2.0,1,0,IPS LCD Touchscreen,1,Mediatek Helio G85 (12 nm),"Octa core, up to 2.0 GHz",Mali-G52 MC2,1,1
2.0,2020.0,32.0,2.0,8.0,3.0,5.1,128.0,4500.0,1080.0,5.0,65.0,0.0,1,2.0,1,0,Super AMOLED Touchscreen,1,Qualcomm Snapdragon 720G (8 nm),"Octa core, up to 2.3 GHz",Adreno 618,1,1
1.0,2020.0,16.0,2.0,8.0,3.0,5.0,128.0,5000.0,1080.0,5.0,18.0,0.0,1,2.0,1,0,IPS LCD Touchscreen,1,Qualcomm Snapdragon 662 (11 nm),"Octa core, up to 2.0 GHz",Adreno 610,1,1
1.0,2020.0,8.0,2.0,6.0,3.0,5.0,128.0,5000.0,1080.0,4.0,18.0,0.0,1,2.0,1,0,IPS LCD Touchscreen,1,Qualcomm Snapdragon 460 (11 nm),"Octa core, up to 1.8 GHz",Adreno 610,1,1
1.0,2020.0,5.0,3.0,3.0,3.0,4.2,32.0,6000.0,1080.0,4.0,10.0,0.0,1,2.0,0,0,IPS LCD Touchscreen,1,Mediatek Helio G35 (12 nm),"Octa core, up to 2.3 GHz",PowerVR GE8320,1,1
1.0,2020.0,8.0,2.0,4.0,3.0,4.2,32.0,6000.0,1080.0,4.0,18.0,0.0,1,2.0,0,0,IPS LCD Touchscreen,1,Qualcomm Snapdragon 460 (11 nm),"Octa core, up to 1.8 GHz",Adreno 610,1,1
1.0,2020.0,16.0,2.0,8.0,3.0,5.0,64.0,4300.0,1080.0,5.0,30.0,0.0,1,2.0,1,0,IPS LCD Touchscreen,1,Mediatek Helio G90T (12 nm),"Octa core, up to 2.05 GHz",Mali-G76 MC4,1,1
1.0,2020.0,16.0,2.0,4.0,3.0,5.0,64.0,5000.0,1080.0,5.0,18.0,0.0,1,2.0,1,0,IPS LCD Touchscreen,1,Mediatek Helio G80 (12 nm),"Octa core, up to 2.0 GHz",Mali-G52 MC2,1,1
1.0,2020.0,5.0,2.0,4.0,3.0,4.2,32.0,5000.0,1080.0,4.0,10.0,0.0,1,2.0,0,0,IPS LCD Touchscreen,1,Mediatek Helio G70 (12 nm),"Octa core, up to 2.0 GHz",Mali-G52,1,1
1.0,2020.0,8.0,2.0,4.0,3.0,5.0,32.0,5000.0,1080.0,5.0,10.0,0.0,1,2.0,0,0,IPS LCD Touchscreen,1,Qualcomm Snapdragon 665 (11 nm),"Octa core, up to 2.0 GHz",Adreno 610,1,1
0.0,2020.0,5.0,2.0,2.0,3.0,5.0,32.0,5000.0,1080.0,3.0,10.0,0.0,1,2.0,0,0,IPS LCD Touchscreen,0,MediaTek Helio G35 (12 nm),"Octa core, 2.3 GHz",PowerVR GE8320,1,1
0.0,2019.0,5.0,2.0,3.0,3.0,4.2,16.0,4000.0,0.0,3.0,10.0,0.0,1,2.0,0,0,IPS LCD Touchscreen,1,Mediatek Helio P22 (12 nm),"Octa core, 2.0 GHz",PowerVR GE8320,0,1
2.0,2022.0,50.0,2.0,8.0,3.0,5.2,128.0,4200.0,2160.0,5.0,44.0,0.0,1,2.0,1,0,AMOLED Touchscreen,1,MediaTek Dimensity 920 5G (6 nm),"Octa core, up to 2.5 GHz",Mali-G68 MC4,1,1
1.0,2021.0,8.0,2.0,3.0,3.0,5.0,32.0,5000.0,1080.0,4.0,10.0,0.0,1,2.0,0,0,IPS LCD Touchscreen,0,Mediatek Helio P35 (12nm),"Octa core, up to 2.3 GHz",PowerVR GE8320,1,1
4.0,2021.0,32.0,2.0,12.0,4.0,5.2,256.0,4450.0,2160.0,6.0,44.0,0.0,1,2.0,1,0,AMOLED Touchscreen,1,MediaTek Dimensity 1200 5G (6 nm),"Octa core, up to 3.0 GHz",Mali-G77 MC9,1,1
1.0,2021.0,8.0,2.0,4.0,3.0,5.0,64.0,5000.0,1080.0,5.0,18.0,0.0,1,2.0,1,0,IPS LCD Touchscreen,0,MediaTek Helio P35 (12nm),"Octa core, up to 2.35 GHz",PowerVR GE8320,1,1
1.0,2021.0,16.0,2.0,8.0,3.0,5.1,128.0,5000.0,1080.0,5.0,33.0,0.0,1,2.0,1,0,IPS LCD Touchscreen,0,MediaTek Helio G80 (12nm),Octa core 2.0 GHz,Mali-G52 MP2,1,1
1.0,2021.0,8.0,2.0,3.0,3.0,5.0,32.0,5000.0,1080.0,4.0,10.0,0.0,1,2.0,0,0,IPS LCD Touchscreen,0,Qualcomm Snapdragon 439 (12nm),"Octa core, up to 2.0 GHz",Adreno 505,1,1
2.0,2021.0,44.0,2.0,8.0,3.0,5.1,128.0,4000.0,2160.0,4.0,33.0,0.0,1,2.0,1,0,AMOLED Touchscreen,0,Qualcomm Snapdragon 720G (8 nm),"Octa core, up to 2.3 GHz",Adreno 618,1,1
2.0,2021.0,44.0,2.0,8.0,3.0,5.1,128.0,4000.0,2160.0,5.0,33.0,0.0,1,2.0,1,0,AMOLED Touchscreen,0,MediaTek Dimensity 800U 5G (7 nm),"Octa core, up to 2.4 GHz",Mali-G57 MC3,1,1
4.0,2021.0,32.0,2.0,12.0,4.0,5.1,256.0,4200.0,1080.0,6.0,33.0,0.0,1,2.0,1,1,AMOLED Touchscreen,1,Qualcomm Snapdragon 870 5G (7 nm),"Octa core, up to 3.2 GHz",Adreno 650,1,1
0.0,2020.0,5.0,2.0,2.0,3.0,5.0,32.0,4030.0,0.0,3.0,0.0,0.0,1,2.0,0,0,IPS LCD Touchscreen,0,Mediatek Helio P35 (12 nm),"Octa core, up to 2.35 GHz",PowerVR GE8320,0,1
1.0,2021.0,8.0,2.0,6.0,3.0,5.0,128.0,5000.0,1080.0,4.0,18.0,0.0,1,2.0,0,0,IPS LCD Touchscreen,0,Mediatek Helio G80 (12nm),"Octa core, up to 2 GHz",Mali-G52 MC2,1,1
1.0,2021.0,8.0,2.0,4.0,3.0,5.0,64.0,5000.0,1080.0,5.0,10.0,0.0,1,2.0,0,0,IPS LCD Touchscreen,0,Mediatek Helio P35 (12nm),"Octa core, up to 2.35 GHz",PowerVR GE8320,1,1
1.0,2020.0,16.0,2.0,8.0,3.0,5.0,128.0,5000.0,1080.0,5.0,18.0,0.0,1,2.0,1,0,IPS LCD Touchscreen,0,Qualcomm Snapdragon 662 (11 nm),"Octa core, up to 2.0 GHz",Adreno 610,1,1
1.0,2020.0,8.0,2.0,3.0,3.0,5.0,32.0,5000.0,1080.0,4.0,10.0,0.0,1,2.0,0,0,IPS LCD Touchscreen,0,Mediatek Helio P35 (12 nm),"Octa core, up to 2.35 GHz",PowerVR GE8320,1,1
1.0,2020.0,32.0,2.0,8.0,3.0,5.0,128.0,4100.0,1080.0,5.0,33.0,0.0,1,2.0,1,1,AMOLED Touchscreen,0,Qualcomm Snapdragon 665 (11 nm),"Octa core, up to 2.0 GHz",Adreno 610,1,1
2.0,2020.0,44.0,3.0,8.0,3.0,5.0,128.0,4000.0,2160.0,5.0,33.0,0.0,1,2.0,1,1,AMOLED Touchscreen,0,Qualcomm Snapdragon 720G (8 nm),"Octa core, up to 2.3 GHz",Adreno 618,1,1
1.0,2020.0,8.0,2.0,4.0,3.0,5.0,64.0,5000.0,1080.0,4.0,10.0,0.0,1,2.0,1,0,IPS LCD Touchscreen,0,Mediatek Helio P35 (12 nm),"Octa core, up to 2.0 GHz",PowerVR GE8320,1,1
1.0,2020.0,16.0,2.0,8.0,3.0,5.0,128.0,5000.0,1080.0,4.0,15.0,0.0,1,2.0,1,0,IPS LCD Touchscreen,0,Qualcomm Snapdragon 665 (11 nm),"Octa core, up to 2.0 GHz",Adreno 610,1,1
1.0,2019.0,8.0,2.0,3.0,3.0,4.0,32.0,5000.0,1080.0,5.0,10.0,0.0,1,2.0,0,0,IPS LCD Touchscreen,0,Qualcomm Snapdragon 439 (12 nm),"Octa core, up to 1.95 GHz",Adreno 505,1,1
1.0,2020.0,8.0,2.0,4.0,3.0,5.0,64.0,5000.0,1080.0,3.0,18.0,0.0,1,2.0,0,0,IPS LCD Touchscreen,0,Qualcomm Snapdragon 460 (11 nm),"Octa core, up to 1.8 GHz",Adreno 610,1,1
0.0,2020.0,5.0,3.0,2.0,3.0,5.0,32.0,4030.0,0.0,4.0,0.0,0.0,1,2.0,0,0,IPS LCD Touchscreen,0,MediaTek Helio P22 (12 nm),"Octa-core, 2.0 GHz",PowerVR GE8320,0,1
1.0,2019.0,32.0,2.0,8.0,3.0,5.0,128.0,4500.0,1080.0,5.0,18.0,0.0,1,2.0,1,0,Super AMOLED Touchscreen,0,Qualcomm Snapdragon 665 (11 nm),"Octa core, up to 2.0 GHz",Adreno 610,1,1
2.0,2020.0,32.0,2.0,8.0,3.0,5.0,128.0,4500.0,1080.0,5.0,33.0,0.0,1,2.0,1,0,Super AMOLED Touchscreen,0,Qualcomm Snapdragon 712 (10 nm),"Octa core, up to 2.3 GHz",Adreno 616,1,1
1.0,2019.0,16.0,2.0,6.0,3.0,5.0,128.0,5000.0,1080.0,4.0,18.0,0.0,1,2.0,0,0,IPS LCD Touchscreen,0,Mediatek Helio P65 (12 nm),"Octa-core, up to 2.0 GHz",Mali-G52 MC2,1,1
1.0,2019.0,8.0,2.0,3.0,3.0,5.0,64.0,5000.0,1080.0,5.0,0.0,0.0,1,2.0,0,0,IPS LCD Touchscreen,0,MediaTek Helio P22 (12 nm),"Octa core, up to 2.0 GHz",PowerVR GE8320,1,1
2.0,2019.0,32.0,3.0,8.0,3.0,5.0,128.0,4100.0,1080.0,5.0,18.0,0.0,1,2.0,1,0,Super AMOLED Touchscreen,1,Qualcomm Snapdragon 675 (11 nm),"Octa core, up to 2.0 GHz",Adreno 612,1,1
1.0,2019.0,32.0,3.0,6.0,3.0,5.0,128.0,4500.0,1080.0,5.0,18.0,0.0,1,2.0,0,0,Super AMOLED Touchscreen,0,Mediatek Helio P65 (12 nm),"Octa core, up to 2.0 GHz",Mali-G52 MC2,1,1
1.0,2019.0,16.0,2.0,4.0,3.0,5.0,64.0,5000.0,1080.0,5.0,0.0,0.0,1,2.0,0,0,LCD Touchscreen,0,MediaTek Helio P22 (12 nm),"Octa core, up to 2.0 GHz",PowerVR GE8320,1,1
1.0,2019.0,32.0,2.0,4.0,3.0,5.0,128.0,5000.0,1080.0,5.0,18.0,0.0,1,2.0,0,0,LCD Touchscreen,0,MediaTek Helio P32 (12 nm),"Octa core, up to 2.3 GHz",PowerVR GE8320,1,1
2.0,2019.0,32.0,1.0,6.0,3.0,5.0,128.0,3700.0,1080.0,5.0,18.0,0.0,1,2.0,0,0,Super AMOLED Touchscreen,1,Qualcomm Snapdragon 675 (11 nm),"Octa core, 2.0 GHz",Adreno 612,1,1
2.0,2019.0,32.0,2.0,6.0,3.0,4.2,64.0,4000.0,1080.0,5.0,18.0,0.0,1,2.0,0,0,In-Cell IPS LCD Touchscreen,1,MediaTek Helio P70 (12 nm),"Octa core, up to 2.1 GHz",Mali G71 MP3,1,1
0.0,2019.0,5.0,2.0,2.0,3.0,5.0,32.0,4030.0,0.0,4.0,0.0,0.0,1,2.0,0,0,IPS LCD Touchscreen,0,MediaTek Helio A22 (12 nm),"Octa-core, 2.0 GHz",PowerVR GE8320,0,1
1.0,2019.0,8.0,2.0,3.0,3.0,4.2,32.0,4030.0,0.0,4.0,0.0,0.0,1,2.0,0,0,IPS LCD Touchscreen,0,Qualcomm Snapdragon 439 (12 nm),"Octa-core, 1.95 GHz",Adreno 505,1,1
1.0,2018.0,8.0,2.0,2.0,3.0,4.2,32.0,4030.0,0.0,4.0,0.0,0.0,1,2.0,0,0,IPS LCD Touchscreen,0,Mediatek Helio P22 (12 nm),"Octa-core, 2.0 GHz",PowerVR GE8320,1,1
0.0,2018.0,5.0,2.0,2.0,3.0,5.0,16.0,3260.0,0.0,3.0,0.0,0.0,1,2.0,0,0,IPS LCD Touchscreen,1,Mediatek Helio A22 (12 nm),"Quad-core, 2.0 GHz",PowerVR GE8320,0,1
1.0,2018.0,25.0,2.0,6.0,3.0,4.2,64.0,3315.0,1080.0,4.0,18.0,0.0,1,2.0,0,0,LTPS IPS LCD Touchscreen,0,Mediatek Helio P60 (12 nm),"Octa-core, up to 2.0 GHz",Mali-G72 MP3,1,1
1.0,2018.0,20.0,3.0,4.0,3.0,4.2,32.0,4030.0,1080.0,4.0,0.0,0.0,1,2.0,0,0,IPS LCD Touchscreen,0,Qualcomm Snapdragon 439 (12 nm),"Octa-core, up to 1.95 GHz",Adreno 505,1,1
1.0,2018.0,8.0,2.0,3.0,3.0,4.2,64.0,4030.0,0.0,4.0,0.0,0.0,1,2.0,0,0,IPS LCD Touchscreen,0,Mediatek Helio P22 (12 nm),"Octa-core, 2.0 GHz",PowerVR GE8320,1,1
1.0,2019.0,5.0,3.0,2.0,3.0,5.0,32.0,4030.0,0.0,4.0,0.0,0.0,1,2.0,0,0,IPS LCD Touchscreen,0,MediaTek Helio P22 (12 nm),"Octa-core, 2.0 GHz",PowerVR GE8320,0,1
2.0,2018.0,25.0,4.0,6.0,3.0,5.0,64.0,3400.0,1080.0,4.0,18.0,0.0,1,2.0,0,0,Super AMOLED Touchscreen,1,Qualcomm Snapdragon 660 (14 nm),"Octa-core, up to 2.2 GHz",Adreno 512,1,1
1.0,2018.0,8.0,2.0,4.0,3.0,4.2,64.0,3260.0,1080.0,5.0,0.0,0.0,1,2.0,0,0,IPS LCD Touchscreen,0,Qualcomm Snapdragon 450 (14 nm),"Octa-core, up to 1.8 GHz",Adreno 506,1,1
1.0,2018.0,5.0,2.0,3.0,3.0,5.0,32.0,3260.0,1080.0,3.0,0.0,0.0,1,2.0,0,0,IPS LCD Touchscreen,1,Mediatek Helio P22 (12 nm),"Octa-core, 2.0 GHz",PowerVR GE8320,0,1
0.0,2018.0,5.0,2.0,2.0,3.0,4.2,16.0,3360.0,0.0,3.0,0.0,0.0,1,2.0,0,0,IPS LCD Touchscreen,1,Qualcomm Snapdragon 425 (28 nm),"Quad-core, 1.4 GHz",Adreno 308,0,1
0.0,2017.0,5.0,2.0,2.0,3.0,4.2,16.0,2500.0,0.0,3.0,0.0,0.0,1,2.0,0,0,IPS LCD Touchscreen,1,Qualcomm Snapdragon 425 (28 nm),"Quad-core, 1.4 GHz",Adreno 308,0,0
1.0,2021.0,16.0,2.0,8.0,3.0,5.0,128.0,5000.0,1080.0,5.0,33.0,0.0,1,2.0,1,0,AMOLED Touchscreen,0,Qualcomm Snapdragon 662 (11 nm),"Octa core, up to 2.0 GHz",Adreno 610,1,1
2.0,2021.0,44.0,2.0,8.0,3.0,5.1,128.0,4310.0,1080.0,5.0,50.0,0.0,1,2.0,1,0,AMOLED Touchscreen,1,Qualcomm Snapdragon 720G (8 nm),"Octa core, up to 2.3 GHz",Adreno 618,1,1
1.0,2021.0,16.0,2.0,6.0,3.0,5.0,128.0,5000.0,1080.0,5.0,18.0,0.0,1,2.0,1,0,IPS LCD Touchscreen,0,Mediatek Helio P35 (12nm),"Octa core, up to 2.35 GHz",PowerVR GE8320,1,1
1.0,2021.0,8.0,3.0,4.0,3.0,5.0,32.0,5000.0,1080.0,4.0,10.0,0.0,1,2.0,1,0,IPS LCD Touchscreen,0,Mediatek Helio G35 (12nm),"Octa core, up to 2.35 GHz",PowerVR GE8320,1,1
1.0,2021.0,16.0,2.0,6.0,3.0,5.0,128.0,5000.0,1080.0,5.0,33.0,0.0,1,2.0,1,0,AMOLED Touchscreen,0,Qualcomm Snapdragon 662 (11 nm),"Octa core, up to 2.0 GHz",Adreno 610,1,1
1.0,2021.0,16.0,2.0,8.0,3.0,5.0,128.0,4310.0,1080.0,5.0,30.0,0.0,1,2.0,1,0,Super AMOLED Touchscreen,0,Mediatek Helio P95 (12 nm),"Octa core, up to 2.2 GHz",PowerVR GM9446,1,1
1.0,2020.0,8.0,2.0,4.0,3.0,5.0,64.0,4230.0,1080.0,3.0,10.0,0.0,1,2.0,0,0,IPS LCD Touchscreen,0,Mediatek Helio P35 (12nm),"Octa core, up to 2.35 GHz",PowerVR GE8320,1,1
2.0,2020.0,44.0,2.0,8.0,3.0,5.0,128.0,4310.0,1080.0,5.0,50.0,0.0,1,2.0,1,0,AMOLED Touchscreen,1,Qualcomm Snapdragon 720G (8 nm),"Octa core, up to 2.3 GHz",Adreno 618,1,1
1.0,2020.0,16.0,3.0,6.0,3.0,5.0,128.0,5000.0,1080.0,5.0,18.0,0.0,1,2.0,1,0,IPS LCD Touchscreen,1,Qualcomm Snapdragon 460 (11 nm),"Octa core, up to 1.8 GHz",Adreno 610,1,1
1.0,2020.0,5.0,2.0,3.0,3.0,5.0,32.0,4230.0,1080.0,3.0,10.0,0.0,1,2.0,0,0,IPS LCD Touchscreen,0,Mediatek Helio P35 (12nm),"Octa core, up to 2.35 GHz",PowerVR GE8320,1,1
1.0,2020.0,8.0,2.0,3.0,3.0,5.0,32.0,5000.0,1080.0,4.0,18.0,0.0,1,2.0,1,0,IPS LCD Touchscreen,1,Qualcomm Snapdragon 460 (11 nm),"Octa core, up to 1.8 GHz",Adreno 610,1,1
1.0,2020.0,16.0,3.0,8.0,3.0,5.1,128.0,4015.0,1080.0,5.0,30.0,0.0,1,2.0,1,0,Super AMOLED Touchscreen,1,Qualcomm Snapdragon 662 (11 nm),"Octa core, up to 2.0 GHz",Adreno 610,1,1
2.0,2020.0,16.0,3.0,8.0,3.0,5.0,128.0,4000.0,1080.0,5.0,30.0,0.0,1,2.0,1,0,Super AMOLED Touchscreen,1,Mediatek Helio P95 (12 nm),"Octa core, up to 2.2 GHz",PowerVR GM9446,1,1
1.0,2020.0,16.0,2.0,4.0,3.0,5.0,128.0,5000.0,1080.0,5.0,18.0,0.0,1,2.0,1,0,LTPS IPS LCD Touchscreen,0,Qualcomm Snapdragon 665 (11 nm),"Octa core, up to 2.0 GHz",Adreno 610,1,1
1.0,2020.0,16.0,4.0,8.0,3.0,5.0,128.0,5000.0,1080.0,5.0,18.0,0.0,1,2.0,1,0,IPS LCD Touchscreen,1,Qualcomm Snapdragon 665 (11 nm),"Octa core, up to 2.0 GHz",Adreno 610,1,1
0.0,2020.0,5.0,2.0,4.0,3.0,4.2,32.0,4230.0,0.0,4.0,0.0,0.0,1,2.0,0,0,IPS LCD Touchscreen,1,Mediatek Helio P35 (12 nm),"Octa core, up to 2.35 GHz",PowerVR GE8320,1,1
1.0,2020.0,8.0,3.0,6.0,3.0,5.0,64.0,4230.0,1080.0,5.0,10.0,0.0,1,2.0,0,0,IPS LCD Touchscreen,1,Mediatek Helio P35 (12nm),"Octa core, up to 2.0 GHz",PowerVR GE8320,1,1
0.0,2019.0,5.0,2.0,2.0,3.0,4.2,32.0,4000.0,720.0,3.0,10.0,0.0,1,2.0,0,0,In-Cell IPS Touchscreen,1,MediaTek Helio P22 (12 nm),"Octa core, 2.0 GHz",PowerVR GE8320,0,1
2.0,2020.0,32.0,2.0,8.0,3.0,5.0,128.0,4015.0,1080.0,5.0,30.0,0.0,1,2.0,1,0,Super AMOLED Touchscreen,1,Qualcomm Snapdragon 720G (8 nm),"Octa core, up to 2.3 GHz",Adreno 618,1,1
2.0,2020.0,44.0,3.0,8.0,3.0,5.0,128.0,4025.0,1080.0,5.0,30.0,0.0,1,2.0,1,0,Super AMOLED Touchscreen,1,Mediatek Helio P95 (12 nm),"Octa core, up to 2.2 GHz",PowerVR GM9446,1,1
1.0,2019.0,8.0,2.0,4.0,3.0,5.0,64.0,5000.0,1080.0,5.0,10.0,0.0,1,2.0,1,0,IPS LCD Touchscreen,1,Qualcomm Snapdragon 665 (11 nm),"Octa core, up to 2.0 GHz",Adreno 610,1,1
1.0,2019.0,16.0,3.0,8.0,3.0,5.0,128.0,5000.0,1080.0,5.0,10.0,0.0,1,2.0,0,0,IPS LCD Touchscreen,1,Qualcomm Snapdragon 665 (11 nm),"Octa core, up to 2.0 GHz",Adreno 610,1,1
4.0,2019.0,16.0,2.0,8.0,3.0,5.0,256.0,4065.0,1080.0,5.0,20.0,0.0,1,2.0,1,0,AMOLED Touchscreen,1,Qualcomm Snapdragon 855 (7 nm),"Octa core, up to 2.84 GHz",Adreno 640,1,1
3.0,2019.0,16.0,2.0,8.0,3.0,5.0,128.0,3765.0,1080.0,5.0,20.0,0.0,1,2.0,1,0,AMOLED Touchscreen,1,Qualcomm Snapdragon 710 (10 nm),"Octa core, up to 2.2 GHz",Adreno 616,1,1
1.0,2019.0,8.0,5.0,3.0,3.0,4.2,32.0,4230.0,0.0,3.0,10.0,0.0,1,2.0,0,0,S-IPS LCD Touchscreen,1,Mediatek Helio P35 (12 nm),"Octa-core, up to 2.3 GHz",PowerVR GE8320,1,1
2.0,2019.0,32.0,2.0,6.0,3.0,5.0,64.0,4000.0,1080.0,5.0,20.0,0.0,1,2.0,0,0,LTPS IPS LCD Touchscreen,0,Mediatek Helio P70 (12 nm),"Octa core, up to 2.1 GHz",Mali-G72 MP3,1,1
2.0,2020.0,16.0,2.0,8.0,3.0,4.2,128.0,4025.0,1080.0,5.0,20.0,0.0,1,2.0,1,0,AMOLED Touchscreen,1,Mediatek Helio P70 (12 nm),"Octa core, up to 2.1 GHz",Mali-G72 MP3,1,1
4.0,2018.0,25.0,2.0,8.0,3.0,5.0,128.0,3700.0,1080.0,5.0,50.0,0.0,1,3.1,1,1,AMOLED Touchscreen,1,Qualcomm Snapdragon 710 (10 nm),"Octa core, up to 2.2 GHz",Adreno 616,1,1
1.0,2018.0,16.0,3.0,4.0,3.0,4.2,32.0,4230.0,1080.0,4.0,0.0,0.0,1,2.0,0,0,IPS LCD Touchscreen,1,Qualcomm Snapdragon 450 (14 nm),"Octa core, 1.8 GHz",Adreno 505,1,1
1.0,2019.0,16.0,3.0,4.0,3.0,4.2,64.0,4020.0,1080.0,4.0,20.0,0.0,1,2.0,0,0,LTPS IPS LCD Touchscreen,0,Mediatek Helio P70 (12 nm),"Octa core, up to 2.1 GHz",Mali-G72 MP3,1,1
1.0,2018.0,8.0,2.0,4.0,3.0,4.2,32.0,4230.0,1080.0,4.0,0.0,0.0,1,2.0,0,0,IPS LCD Touchscreen,1,Qualcomm Snapdragon 450 (14 nm),"Octa core, 1.8 GHz",Adreno 505,1,1
2.0,2018.0,25.0,3.0,6.0,3.0,4.2,64.0,3500.0,1080.0,5.0,20.0,0.0,1,2.0,0,0,LTPS IPS LCD Touchscreen,1,MediaTek Helio P60 (12 nm),"Octa core, up to 2.0 GHz",Mali-G72 MP3,1,1
1.0,2018.0,8.0,2.0,3.0,3.0,4.2,16.0,4230.0,1080.0,4.0,0.0,0.0,1,2.0,0,0,In-Cell IPS Touchscreen,0,Qualcomm Snapdragon 450 (14 nm),"Octa core, 1.8 GHz",Adreno 506,0,1
1.0,2018.0,25.0,3.0,6.0,3.0,4.2,64.0,3400.0,1080.0,5.0,0.0,0.0,1,2.0,0,0,LTPS IPS LCD Touchscreen,1,MediaTek Helio P60 (12 nm),"Octa core, up to 2.0 GHz",Mali-G72 MP3,1,1
1.0,2018.0,5.0,3.0,3.0,3.0,4.2,16.0,3000.0,0.0,3.0,0.0,0.0,1,2.0,0,0,IPS LCD Touchscreen,1,Qualcomm Snapdragon 450 (14 nm),"Octa core, 1.8 GHz",Adreno 506,0,1
1.0,2018.0,8.0,4.0,4.0,3.0,4.2,16.0,3180.0,1080.0,3.0,0.0,0.0,1,2.0,0,0,IPS LCD Touchscreen,1,Mediatek Helio P23 (16 nm),"Octa core, 2.5 GHz",Mali-G71 MP2,0,1
4.0,2021.0,12.0,4.0,6.0,4.0,5.0,128.0,4352.0,2160.0,6.0,27.0,68.0,1,2.0,0,1,Super Retina XDR OLED Touchscreen,1,Apple A15 Bionic (5 nm),"Hexa-core, up to 3.22 GHz",Apple GPU (5-core graphics),0,1
4.0,2021.0,12.0,4.0,6.0,4.0,5.0,128.0,3095.0,2160.0,6.0,23.0,68.0,1,2.0,0,1,Super Retina XDR OLED Touchscreen,1,Apple A15 Bionic (5 nm),"Hexa-core, up to 3.22 GHz",Apple GPU (5-core graphics),0,1
4.0,2021.0,12.0,5.0,4.0,4.0,5.0,128.0,3240.0,2160.0,6.0,20.0,68.0,1,2.0,0,1,Super Retina XDR OLED Touchscreen,1,Apple A15 Bionic (5 nm),"Hexa-core, up to 3.22 GHz",Apple GPU (4-core graphics),0,1
4.0,2021.0,12.0,5.0,4.0,4.0,5.0,128.0,2438.0,2160.0,6.0,20.0,68.0,1,2.0,0,1,Super Retina XDR OLED Touchscreen,1,Apple A15 Bionic (5 nm),"Hexa-core, up to 3.22 GHz",Apple GPU (4-core graphics),0,1
4.0,2020.0,12.0,4.0,6.0,4.0,5.0,128.0,2000.0,2160.0,6.0,18.0,68.0,1,2.0,0,1,Super Retina XDR OLED Touchscreen,1,Apple A14 Bionic (5 nm),Hexa-core,Apple GPU (4-core graphics),0,1
4.0,2020.0,12.0,4.0,6.0,4.0,5.0,128.0,2000.0,2160.0,6.0,18.0,68.0,1,2.0,0,1,Super Retina XDR OLED Touchscreen,1,Apple A14 Bionic (5 nm),Hexa-core,Apple GPU (4-core graphics),0,1
4.0,2020.0,12.0,5.0,6.0,4.0,5.0,64.0,2000.0,2160.0,6.0,18.0,68.0,1,2.0,0,1,Super Retina XDR OLED Touchscreen,1,Apple A14 Bionic (5 nm),Hexa-core,Apple GPU (4-core graphics),0,1
4.0,2020.0,12.0,5.0,6.0,4.0,5.0,64.0,2000.0,2160.0,6.0,18.0,68.0,1,2.0,0,1,Super Retina XDR OLED Touchscreen,1,Apple A14 Bionic (5 nm),Hexa-core,Apple GPU (4-core graphics),0,1
3.0,2020.0,7.0,3.0,3.0,3.0,5.0,64.0,1821.0,1080.0,6.0,18.0,67.0,1,2.0,0,1,Retina IPS LCD Touchscreen,1,Apple A13 Bionic (7 nm+),"Hexa-core, up to 2.65 GHz", Apple GPU (4-core graphics),1,0
4.0,2019.0,12.0,4.0,4.0,3.0,5.0,64.0,3969.0,2160.0,6.0,18.0,68.0,1,2.0,0,0,Super Retina XDR OLED Touchscreen,1,Apple A13 Bionic (7 nm+),"Hexa-core, up to 2.65 GHz",Apple GPU (4-core graphics),0,1
4.0,2019.0,12.0,4.0,4.0,3.0,5.0,64.0,3046.0,2160.0,6.0,18.0,68.0,1,2.0,0,0,Super Retina XDR OLED Touchscreen,1,Apple A13 Bionic (7 nm+),"Hexa-core, up to 2.65 GHz",Apple GPU (4-core graphics),0,1
4.0,2019.0,12.0,6.0,4.0,3.0,5.0,64.0,3110.0,2160.0,6.0,18.0,68.0,1,2.0,0,0,Liquid Retina IPS LCD Touchscreen,1,Apple A13 Bionic (7 nm+),"Hexa-core, up to 2.65 GHz", Apple GPU (4-core graphics),0,1
4.0,2018.0,7.0,3.0,4.0,3.0,5.0,64.0,3174.0,1080.0,6.0,15.0,68.0,1,2.0,0,1,Super Retina OLED Touchscreen,1,Apple A12 Bionic (7 nm),"Hexa-core, up to 2.5 GHz",Apple GPU (4-core graphics),0,1
4.0,2018.0,7.0,3.0,4.0,3.0,5.0,64.0,2658.0,1080.0,6.0,15.0,68.0,1,2.0,0,1,Super Retina OLED Touchscreen,1,Apple A12 Bionic (7 nm),"Hexa-core, up to 2.5 GHz",Apple GPU (4-core graphics),0,1
4.0,2018.0,7.0,6.0,3.0,3.0,5.0,64.0,2942.0,1080.0,6.0,15.0,67.0,1,2.0,0,1,Liquid Retina IPS LCD Touchscreen,1,Apple A12 Bionic (7 nm),"Hexa-core, up to 2.5 GHz",Apple GPU (4-core graphics),0,1
4.0,2017.0,7.0,2.0,3.0,3.0,5.0,64.0,2716.0,1080.0,6.0,15.0,67.0,1,2.0,0,1,Super Retina OLED Touchscreen,1,Apple A11 Bionic (10 nm),"Hexa-core, up to 2.39 GHz",Apple GPU (3-core graphics),0,1
4.0,2017.0,7.0,4.0,3.0,3.0,5.0,64.0,2691.0,1080.0,6.0,15.0,67.0,1,2.0,0,1,Retina IPS LCD Touchscreen,1,Apple A11 Bionic (10 nm),Hexa-core,Apple GPU (3-core graphics),1,0
4.0,2017.0,7.0,4.0,2.0,3.0,5.0,64.0,1821.0,1080.0,6.0,15.0,67.0,1,2.0,0,1,Retina IPS LCD Touchscreen,1,Apple A11 Bionic (10 nm),Hexa-core, Apple GPU (3-core graphics),1,0
3.0,2016.0,7.0,6.0,3.0,3.0,4.2,32.0,2900.0,1080.0,6.0,0.0,67.0,1,2.0,0,1,Retina IPS LCD Touchscreen,1,Apple A10 Fusion (16 nm),"Quad-core, 2.34 GHz",PowerVR Series7XT Plus (6-core graphics),1,0
2.0,2016.0,7.0,6.0,2.0,3.0,4.2,32.0,1960.0,1080.0,6.0,0.0,67.0,1,2.0,0,1,Retina IPS LCD Touchscreen,1,Apple A10 Fusion (16 nm),"Quad-core, 2.34 GHz",PowerVR Series7XT Plus (6-core graphics),1,0
2.0,2016.0,1.0,4.0,2.0,3.0,4.2,16.0,1624.0,720.0,5.0,0.0,0.0,1,2.0,0,0,IPS LCD Touchscreen,1,Apple A9 (14 nm),"Dual-core, 1.84 GHz",PowerVR GT7600 (6-core graphics),1,0
2.0,2015.0,5.0,4.0,2.0,3.0,4.2,16.0,2750.0,1080.0,6.0,0.0,0.0,1,2.0,0,0,IPS LCD Touchscreen,1,Apple A9 (14 nm),"Dual-core, 1.84 GHz",PowerVR GT7600 (6-core graphics),1,0
2.0,2015.0,5.0,4.0,2.0,3.0,4.2,16.0,1715.0,1080.0,6.0,0.0,0.0,1,2.0,0,0,IPS LCD Touchscreen,1,Apple A9 (14 nm),"Dual-core, 1.84 GHz",PowerVR GT7600 (6-core graphics),1,0
2.0,2014.0,1.0,3.0,1.0,3.0,4.0,16.0,1810.0,720.0,6.0,0.0,0.0,1,2.0,0,0,IPS LCD Touchscreen,1,Apple A8 (20 nm),"Dual-core, 1.4 GHz",PowerVR GX6450 (quad-core graphics),1,0
0.0,2021.0,5.0,2.0,2.0,3.0,4.0,32.0,5000.0,720.0,3.0,0.0,0.0,1,2.0,0,0,IPS Touchscreen,0,Unspecified,"Octa-core, 1.6 GHz",IMG GE8322,1,1
0.0,2021.0,5.0,3.0,2.0,3.0,4.0,32.0,3000.0,720.0,2.0,0.0,0.0,1,2.0,0,0,IPS Touchscreen,0,Unspecified,"Octa-core, 1.6 GHz",PowerVR GE8322,1,1
0.0,2020.0,5.0,2.0,1.0,2.0,4.0,16.0,4000.0,0.0,3.0,0.0,0.0,1,2.0,0,0,IPS Touchscreen,0,Unspecified,"Quad-core, 1.3 GHz",Mali T-820,1,1
0.0,2021.0,8.0,4.0,3.0,3.0,4.0,32.0,5000.0,1080.0,3.0,10.0,0.0,1,2.0,1,0,IPS Touchscreen,0,UNISOC T610 (12 nm),"Octa-core, 1.8 GHz",Mali-G52 MP2,1,1
0.0,2021.0,8.0,4.0,2.0,3.0,4.0,32.0,4000.0,0.0,3.0,0.0,0.0,1,2.0,0,0,IPS Touchscreen,0,,"Octa-core, 1.8 GHz",PowerVR GE8322,1,1
0.0,2021.0,8.0,4.0,4.0,3.0,4.0,32.0,6000.0,1080.0,4.0,10.0,0.0,1,2.0,0,0,IPS Touchscreen,0,MediaTek Helio G35 (12 nm),"Octa-core, 2.3 GHz",PowerVR GE8320,1,1
0.0,2021.0,13.0,3.0,3.0,3.0,4.0,64.0,5000.0,1080.0,4.0,10.0,0.0,1,2.0,0,0,IPS Touchscreen,0,MediaTek Helio G35 (12 nm),"Octa-core, 2.3 GHz",PowerVR GE8320,1,1
0.0,2021.0,5.0,2.0,3.0,3.0,4.0,32.0,5000.0,1080.0,3.0,0.0,0.0,1,2.0,0,0,IPS Touchscreen,0,Unspecified,"Octa-core, 1.8 GHz",IMG GE8322,1,1
0.0,2021.0,5.0,2.0,2.0,3.0,4.0,32.0,5000.0,0.0,3.0,0.0,0.0,1,2.0,0,0,IPS Touchscreen,0,,1.6 GHz,550 MHz speed,1,1
0.0,2020.0,5.0,3.0,2.0,3.0,4.0,32.0,4000.0,0.0,3.0,0.0,0.0,1,2.0,0,0,IPS Touchscreen,0,MediaTek,"Octa-core, 1.8 GHz",PowerVR GE8300,1,1
1.0,2021.0,8.0,3.0,4.0,3.0,4.0,64.0,5000.0,1080.0,3.0,10.0,0.0,1,2.0,0,0,IPS Touchscreen,0,MediaTek Helio A25 (12 nm),"Octa-core, 1.8 GHz",PowerVR GE8320,1,1
0.0,2020.0,5.0,3.0,1.0,2.0,4.0,8.0,2000.0,0.0,1.0,0.0,0.0,0,2.0,0,0,Touchscreen,0,,"Quad-core, 1.3 GHz",Mali-T800,0,0
0.0,2020.0,5.0,3.0,2.0,3.0,4.0,16.0,3000.0,0.0,3.0,0.0,0.0,1,2.0,0,0,IPS Touchscreen,0,UNiSOC SC9863A (28 nm),"Octa-core, 1.6 GHz",PowerVR GE8322,1,1
0.0,2020.0,8.0,4.0,2.0,3.0,4.0,16.0,3500.0,1080.0,3.0,0.0,0.0,1,2.0,0,0,IPS Touchscreen,0,UNiSOC SC9863A (28 nm),"Octa-core, 1.6 GHz",PowerVR GE8322,1,1
0.0,2020.0,5.0,2.0,1.0,2.0,4.0,8.0,2400.0,0.0,2.0,0.0,0.0,1,2.0,0,0,IPS Touchscreen,0,,"Quad-core, 1.3 GHz",Mali-T820 MP1,0,0
0.0,2020.0,8.0,2.0,2.0,3.0,4.0,32.0,4000.0,1080.0,3.0,0.0,0.0,1,2.0,0,0,IPS Touchscreen,0,MediaTek Helio A25 (12 nm),"Octa-core, 1.8 GHz",PowerVR GE8320,1,1
0.0,2020.0,8.0,2.0,3.0,3.0,4.0,32.0,4000.0,1080.0,3.0,0.0,0.0,1,2.0,0,0,IPS Touchscreen,0,MediaTek Helio A25 (12 nm),"Octa-core, 1.8 GHz",PowerVR GE8320,1,1
0.0,2020.0,5.0,3.0,1.0,3.0,4.0,8.0,2500.0,0.0,2.0,0.0,0.0,1,2.0,0,0,IPS Touchscreen,0,,"Quad-core, 1.5 GHz",Mali-T820 MP1,0,0
0.0,2020.0,8.0,2.0,3.0,3.0,4.0,32.0,5000.0,1080.0,3.0,10.0,0.0,1,2.0,0,0,IPS Touchscreen,0,MediaTek Helio A25 (12 nm),"Octa-core, 1.8 GHz",PowerVR GE8320,1,1
0.0,2020.0,5.0,3.0,1.0,3.0,4.0,8.0,2000.0,0.0,2.0,0.0,0.0,1,2.0,0,0,Touchscreen,0,,"Quad-core, 1.4 GHz",Mali-T820 MP1,0,0
1.0,2020.0,8.0,1.0,4.0,3.0,4.0,64.0,4000.0,1080.0,4.0,0.0,0.0,1,2.0,0,0,IPS Touchscreen,0,MediaTek Helio P25 (16 nm),"Octa-core, 2.6 GHz",Mali-T880,1,1
0.0,2020.0,5.0,3.0,1.0,2.0,4.0,16.0,3700.0,0.0,2.0,0.0,0.0,1,2.0,0,0,IPS Touchscreen,0,,"Quad-core, 1.4 GHz",Mali-T820 MP1,1,1
0.0,2019.0,8.0,1.0,3.0,3.0,4.0,32.0,4000.0,0.0,2.0,0.0,0.0,1,2.0,0,0,IPS Touchscreen,0,UniSoC SC9863A,"Octa-core, 1.6 GHz",IMG 8322,1,1
0.0,2019.0,8.0,3.0,2.0,3.0,4.0,16.0,3500.0,0.0,4.0,0.0,0.0,1,2.0,0,0,IPS Touchscreen,0,UniSoC,"Octa-core, 1.6 GHz",IMG 8322,1,1
0.0,2019.0,240.0,4.0,64.0,1.0,4.0,64.0,1100.0,0.0,1.0,0.0,0.0,0,2.0,0,0,TFT,1,,,,0,0
0.0,2019.0,240.0,4.0,32.0,1.0,4.0,32.0,1700.0,0.0,1.0,0.0,0.0,0,2.0,0,0,TFT,1,,,,0,0
0.0,2019.0,5.0,4.0,1.0,2.0,4.1,8.0,4000.0,0.0,4.0,0.0,0.0,1,2.0,0,0,IPS Touchscreen,0,Spreadtrum SC7731E,"Quad-core, 1.3 GHz",Mali-T820,1,1
0.0,2019.0,5.0,3.0,1.0,2.0,4.2,8.0,2000.0,0.0,1.0,0.0,0.0,1,2.0,0,0,IPS Touchscreen,0,Spreadtrum SC7731E (28 nm),"Quad-core, 1.3 GHz",Mali-T820,1,0
0.0,2019.0,8.0,4.0,2.0,3.0,4.0,16.0,3000.0,0.0,3.0,0.0,0.0,1,2.0,0,0,IPS Touchscreen,0,,"Quad-core, 1.4 GHz",Mali-T820 MP1,1,1
0.0,2019.0,5.0,2.0,1.0,2.0,4.0,8.0,2200.0,0.0,1.0,0.0,0.0,0,2.0,0,0,IPS Touchscreen,0,Mediatek MT6739,"Quad-core, 1.3 GHz",Mali 400 MP2,0,0
0.0,2019.0,2.0,3.0,1.0,2.0,4.0,8.0,2150.0,0.0,2.0,0.0,0.0,0,2.0,0,0,IPS Touchscreen,0,Mediatek MT6739,"Quad-core, 1.3 GHz",Mali 400 MP2,0,0
0.0,2019.0,8.0,1.0,3.0,3.0,4.0,32.0,3000.0,0.0,2.0,0.0,0.0,1,2.0,0,0,IPS Touchscreen,0,,"Octa-core, 1.6 GHz",IMG 8322,1,1
0.0,2019.0,0.0,3.0,512.0,2.0,4.0,8.0,1500.0,0.0,1.0,0.0,0.0,0,2.0,0,0,TN Touchscreen,0,,"Quad-core, 1.3 GHz",Mali-400 MP2,0,0
0.0,2019.0,5.0,3.0,3.0,3.0,4.0,16.0,2500.0,0.0,2.0,0.0,0.0,1,2.0,0,0,IPS Touchscreen,0,,"Quad-core, 1.4 GHz",Mali T820 MP1,1,1
0.0,2019.0,2.0,3.0,1.0,2.0,4.0,8.0,2000.0,0.0,1.0,0.0,0.0,0,2.0,0,0,TN Touchscreen,0,MediaTek,"Quad-core, 1.3 GHz",Mali-T820,0,1
0.0,2019.0,8.0,2.0,2.0,3.0,4.2,16.0,3200.0,0.0,3.0,0.0,0.0,1,2.0,0,0,IPS Touchscreen,0,UniSoC SC9863A (28 nm),"Octa-core, 1.6 GHz",PowerVR GE8322,1,1
0.0,2019.0,5.0,4.0,1.0,2.0,2.1,8.0,2500.0,0.0,1.0,0.0,0.0,0,2.0,0,0,IPS Touchscreen,0,Spreadtrum SC7731E,"Quad-core, 1.3 GHz",Mali-T820,0,0
0.0,2019.0,5.0,3.0,1.0,2.0,4.1,16.0,2900.0,0.0,4.0,0.0,0.0,1,2.0,0,0,IPS Touchscreen,0,Spreadtrum SC7731E,"Quad-core, 1.3 GHz",Mali-T820 MP1,1,1
0.0,2019.0,8.0,3.0,1.0,3.0,4.0,16.0,2500.0,0.0,4.0,0.0,0.0,1,2.0,0,0,IPS Touchscreen,0,Spreadtrum SC9832E,"Quad-core, 1.4 GHz",Mali T-820,1,1
0.0,2019.0,5.0,2.0,2.0,3.0,4.0,32.0,4000.0,0.0,3.0,0.0,0.0,1,2.0,0,0,IPS Touchscreen,0,Unisoc SC9863A,"Octa-core, 1.6 GHz",PowerVR GE8322,1,1
0.0,2019.0,2.0,4.0,1.0,2.0,4.1,8.0,2000.0,0.0,1.0,0.0,0.0,0,2.0,0,0,Touchscreen,0,MediaTek,"Quad-core, 1.3 GHz",Mali 400 MP2,0,0
0.0,2019.0,5.0,3.0,1.0,3.0,4.1,8.0,2500.0,0.0,2.0,0.0,0.0,1,2.0,0,0,IPS Touchscreen,0,MediaTek MT6739,"Quad-core, 1.5 GHz",Mali-400 MP2,0,0
0.0,2019.0,5.0,4.0,1.0,2.0,4.1,8.0,2500.0,0.0,1.0,0.0,0.0,1,2.0,0,0,IPS Touchscreen,0,MediaTek MT6580,"Quad-core, 1.3 GHz",Mali-400 MP2,1,0
0.0,2019.0,8.0,4.0,2.0,3.0,4.1,16.0,3000.0,0.0,3.0,0.0,0.0,1,2.0,0,0,IPS Touchscreen,0,Spreadtrum SC9832E,"Quad-core, 1.4 GHz",Mali-T820,0,1
0.0,2018.0,5.0,4.0,1.0,3.0,4.1,8.0,2400.0,0.0,1.0,0.0,0.0,1,2.0,0,0,IPS Touchscreen,0,,"Quad-core, 1.3 GHz",420 MHz,0,0
0.0,2018.0,5.0,3.0,1.0,3.0,4.1,8.0,2200.0,0.0,1.0,0.0,0.0,1,2.0,0,0,TN Touchscreen,0,,"Quad-core, 1.4 GHz",Mali 400 MP2,0,0
0.0,2018.0,2.0,3.0,1.0,2.0,4.1,8.0,2000.0,0.0,1.0,0.0,0.0,1,2.0,0,0,TN Touchscreen,0,,"Quad-core, 1.3 GHz",Mali-400,0,0
0.0,2018.0,8.0,3.0,2.0,3.0,4.2,16.0,3200.0,0.0,3.0,0.0,0.0,1,2.0,0,0,IPS Touchscreen,0,MediaTek MT6739,"Quad-core, 1.5 GHz",PowerVR GE8100,1,1
0.0,2018.0,5.0,1.0,1.0,2.0,4.1,8.0,3200.0,0.0,2.0,0.0,0.0,1,2.0,0,0,Touchscreen,0,,"Quad-core, 1.4 GHz",Mali 400 MP2,0,0
0.0,2018.0,5.0,1.0,1.0,2.0,4.1,8.0,2150.0,0.0,2.0,0.0,0.0,1,2.0,0,0,Touchscreen,0,,"Quad-core, 1.3 GHz",Mali 400 MP2,0,0
0.0,2018.0,5.0,2.0,1.0,2.0,4.1,8.0,2500.0,0.0,2.0,0.0,0.0,1,2.0,0,0,IPS Touchscreen,0,,"Quad-core, 1.3 GHz",Mali 400 MP2,0,0
1.0,2018.0,8.0,2.0,3.0,3.0,4.2,32.0,4000.0,0.0,3.0,0.0,0.0,1,2.0,0,0,IPS Touchscreen,0,MediaTek MT6737,"Quad-core, 1.3 GHz",Mali-T720,1,1
0.0,2018.0,8.0,1.0,2.0,3.0,4.2,16.0,2900.0,0.0,3.0,0.0,0.0,1,2.0,0,0,IPS Touchscreen,0,MediaTek MT6737,"Quad-core, 1.3 GHz",Mali-T720,1,0
0.0,2017.0,8.0,3.0,1.0,2.0,4.1,8.0,2500.0,0.0,2.0,0.0,0.0,1,2.0,0,0,IPS Touchscreen,0,,"Quad-core, 1.3 GHz",Mali 400 MP2,0,0
0.0,2021.0,8.0,2.0,2.0,3.0,5.0,32.0,5000.0,0.0,3.0,0.0,0.0,1,2.0,0,0,IPS LCD Touchscreen,0,Mediatek Helio A20 (12 nm),"Quad-core, 1.8 GHz",PowerVR GE8320,1,1
1.0,2021.0,8.0,1.0,6.0,3.0,5.0,64.0,5000.0,1080.0,3.0,33.0,0.0,1,2.0,1,0,IPS LCD Touchscreen,0,Mediatek Helio G85 (12 nm),"Octa-core, up to 2.0 GHz",Mali-G52 MC2,1,1
1.0,2021.0,8.0,2.0,4.0,3.0,5.0,64.0,6000.0,1080.0,3.0,10.0,0.0,1,2.0,0,0,IPS LCD Touchscreen,0,Mediatek Helio G70 (12 nm),"Octa-core, up to 2.0 GHz",Mali-G52 MC2,1,1
1.0,2021.0,16.0,2.0,6.0,3.0,5.0,128.0,5000.0,1080.0,4.0,18.0,0.0,1,2.0,1,0,IPS LCD Touchscreen,0,Mediatek Helio G85 (12 nm),"Octa-core, 2 GHz",Mali-G52 MC2,1,1
1.0,2021.0,16.0,2.0,6.0,3.0,5.0,128.0,5000.0,1080.0,4.0,18.0,0.0,1,2.0,1,0,IPS LCD Touchscreen,0,Mediatek Helio G85 (12 nm),"Octa-core, 2 GHz",Mali-G52 MC2,1,1
1.0,2021.0,8.0,4.0,6.0,3.0,5.0,64.0,5000.0,1080.0,3.0,10.0,0.0,1,2.0,0,0,IPS LCD Touchscreen,0,Mediatek Helio G80 (12 nm),"Octa-core, up to 2.0 GHz",Mali-G52 MC2,1,1
1.0,2020.0,48.0,1.0,8.0,3.0,5.0,128.0,4500.0,1080.0,4.0,33.0,0.0,1,2.0,1,0,IPS LCD Touchscreen,0,Mediatek Helio G90T (12 nm),"Octa-core, 2.05 GHz",Mali-G76 MC4,1,1
1.0,2020.0,16.0,2.0,6.0,3.0,5.0,128.0,5000.0,1080.0,4.0,18.0,0.0,1,2.0,1,0,IPS LCD Touchscreen,0,Mediatek Helio G70 (12 nm),"Octa-core, 2 GHz",Mali-G52 MC2,1,1
0.0,2020.0,8.0,2.0,4.0,3.0,5.0,32.0,5000.0,1080.0,3.0,0.0,0.0,1,2.0,0,0,IPS LCD Touchscreen,0,Mediatek Helio A20 (12 nm),"Quad-core, 1.8 GHz",PowerVR GE8320,1,1
1.0,2020.0,8.0,4.0,4.0,3.0,5.0,128.0,5000.0,1080.0,3.0,18.0,0.0,1,2.0,0,0,IPS LCD Touchscreen,0,Mediatek Helio G70 (12 nm),"Octa-core, up to 2.0 GHz",Mali-G52,1,1
1.0,2020.0,16.0,3.0,6.0,3.0,5.0,128.0,5000.0,1080.0,4.0,18.0,0.0,1,2.0,1,0,IPS LCD Touchscreen,0,Mediatek Helio G70 (12 nm),"Octa-core, 2 GHz",Mali-G52 MC2,1,1
0.0,2020.0,8.0,3.0,3.0,3.0,5.0,32.0,6000.0,1080.0,3.0,10.0,0.0,1,2.0,0,0,IPS LCD Touchscreen,0,Mediatek Helio A25 (12 nm),"Octa-core, 1.8 GHz (3/64 GB model)
Quad-core, 1.8 GHz (2/32 GB model)",PowerVR GE8320,1,1
0.0,2020.0,8.0,4.0,2.0,3.0,5.0,32.0,5000.0,1080.0,3.0,10.0,0.0,1,2.0,0,0,IPS LCD Touchscreen,0,Mediatek Helio A22 (12 nm),"Octa-core, 2.0 GHz",PowerVR GE8320,1,1
1.0,2020.0,8.0,2.0,4.0,3.0,5.0,64.0,5000.0,1080.0,3.0,10.0,0.0,1,2.0,0,0,IPS LCD Touchscreen,0,Mediatek Helio A22 (12 nm),"Octa-core, 1.8 GHz",PowerVR GE8320,1,1
1.0,2020.0,8.0,3.0,3.0,3.0,5.0,32.0,6000.0,1080.0,3.0,10.0,0.0,1,2.0,0,0,IPS LCD Touchscreen,0,Mediatek Helio P22 (12 nm),"Quad-core, 2.0 GHz",PowerVR GE8320,1,1
1.0,2020.0,32.0,2.0,6.0,3.0,5.0,128.0,4000.0,1080.0,3.0,10.0,0.0,1,2.0,0,0,IPS LCD Touchscreen,0,Mediatek Helio P35 (12 nm),"Octa-core, 2.35 GHz",PowerVR GE8320,1,1
1.0,2020.0,16.0,3.0,4.0,3.0,5.0,64.0,5000.0,1080.0,3.0,10.0,0.0,1,2.0,0,0,IPS LCD Touchscreen,0,Mediatek Helio P22 (12 nm),"Octa-core, 2.0 GHz",PowerVR GE8320,1,1
0.0,2019.0,8.0,3.0,2.0,3.0,4.2,32.0,4000.0,1080.0,3.0,0.0,0.0,1,2.0,0,0,IPS LCD Touchscreen,0,Mediatek Helio A22 (12 nm),"Quad-core, 1.8 GHz",PowerVR GE8320,1,1
1.0,2019.0,8.0,2.0,4.0,3.0,5.0,64.0,4000.0,1080.0,5.0,10.0,0.0,1,2.0,0,0,IPS LCD Touchscreen,0,Mediatek Helio P22 (12 nm),"Octa-core, 2.0 GHz",PowerVR GE8320,1,1
1.0,2019.0,8.0,2.0,3.0,3.0,4.2,32.0,4000.0,1080.0,4.0,0.0,0.0,1,2.0,0,0,IPS Touchscreen,0,Mediatek Helio A22 (12 nm),"Quad-core, 2.0 GHz",PowerVR GE8300,1,1
0.0,2019.0,5.0,2.0,3.0,3.0,4.2,32.0,3000.0,0.0,4.0,0.0,0.0,1,2.0,0,0,IPS Touchscreen,0,MediaTek Helio A22 (12 nm),"Quad-core, 2.0 GHz",PowerVR GE8300,1,1
0.0,2019.0,5.0,2.0,2.0,3.0,4.2,16.0,3000.0,0.0,3.0,0.0,0.0,1,2.0,0,0,IPS Touchscreen,0,MediaTek Helio A22 (12 nm),"Quad-core, 2.0 GHz",PowerVR GE8300,0,1
0.0,2019.0,5.0,2.0,1.0,2.0,4.0,16.0,2500.0,0.0,2.0,0.0,0.0,1,2.0,0,0,Touchscreen,0, ,"Quad-core, 1.3 GHz", ,1,1
0.0,2019.0,8.0,2.0,2.0,3.0,4.2,32.0,3500.0,0.0,3.0,0.0,0.0,1,2.0,0,0,IPS LCD Touchscreen,0,MediaTek Helio A22 (12 nm),"Quad-core, 2.0 GHz",PowerVR GE8300,1,1
1.0,2019.0,16.0,2.0,4.0,3.0,4.2,32.0,3500.0,1080.0,4.0,10.0,0.0,1,2.0,0,0,IPS LCD Touchscreen,1,MediaTek Helio A22 (3 GB) / Helio P22 (4 GB),"Quad-core, 2.0 GHz (3 GB) / Octa-core, 2.0 GHz (4 GB)",PowerVR GE8320,1,1
0.0,2019.0,8.0,1.0,2.0,3.0,4.2,32.0,3050.0,0.0,3.0,0.0,0.0,1,2.0,0,0,IPS Touchscreen,0,MediaTek Helio P22 (12 nm),"Quad-core, 2.0 GHz",PowerVR GE8300,1,1
0.0,2018.0,8.0,3.0,1.0,2.0,4.0,16.0,3050.0,0.0,1.0,0.0,0.0,1,2.0,0,0,IPS Touchscreen,0, ,"Quad-core, 1.3 GHz", ,1,1
0.0,2018.0,8.0,3.0,1.0,2.0,4.0,8.0,4000.0,0.0,1.0,0.0,0.0,0,2.0,0,0,IPS Touchscreen,0, ,"Quad-core, 1.3 GHz", ,1,0
0.0,2018.0,8.0,3.0,1.0,2.0,4.0,8.0,2400.0,0.0,1.0,0.0,0.0,0,2.0,0,0,IPS Touchscreen,0, ,"Quad-core, 1.3 GHz", ,0,0
1.0,2018.0,16.0,3.0,4.0,3.0,4.2,64.0,3750.0,1080.0,4.0,0.0,0.0,1,2.0,0,0,IPS LCD Touchscreen,1,Mediatek Helio A22 (12 nm),"Quad-Core, 2.0 GHz",PowerVR GE8300,1,1
1.0,2018.0,16.0,3.0,3.0,3.0,4.2,32.0,3750.0,1080.0,4.0,0.0,0.0,1,2.0,0,0,IPS LCD Touchscreen,1,Mediatek Helio A22 (12 nm),"Quad-Core, 2.0 GHz",PowerVR GE8300,1,1
0.0,2018.0,13.0,3.0,3.0,3.0,4.2,16.0,3050.0,0.0,3.0,0.0,0.0,1,2.0,0,0,IPS LCD Touchscreen,0,MediaTek MT6739,"Quad-core, 1.5 GHz",PowerVR GE8100,1,1
0.0,2021.0,5.0,2.0,2.0,3.0,4.0,16.0,5000.0,720.0,2.0,0.0,0.0,1,2.0,0,0,IPS Touchscreen,0,Unspecified,"Octa-core, 1.6 GHz (Cortex-A55)",PowerVR GE8322,0,1
1.0,2021.0,8.0,2.0,6.0,3.0,4.0,128.0,5000.0,720.0,5.0,18.0,0.0,1,2.0,1,0,LTPS IPS Touchscreen,0,Mediatek Helio G88 (12 nm),"Octa core, up to 2.0 GHz",Mali-G52-MC2,1,1
0.0,2021.0,5.0,3.0,2.0,3.0,4.0,16.0,3000.0,720.0,3.0,0.0,0.0,0,2.0,0,0,IPS Touchscreen,0,Unspecified,"Quad-core, 1.4 GHz",Mali T-820,1,1
0.0,2021.0,5.0,3.0,2.0,3.0,4.0,32.0,4000.0,720.0,3.0,0.0,0.0,1,2.0,0,0,IPS Touchscreen,0,Unspecified,"Octa-core, 1.6 GHz (Cortex-A55)",PowerVR GE8322,1,1
1.0,2021.0,20.0,2.0,4.0,3.0,5.0,128.0,5000.0,1080.0,5.0,18.0,0.0,1,2.0,1,0,LTPS Touchscreen,0,MediaTek Helio P22 (12 nm),"Octa-core, 2.0 GHz (Cortex-A53)",PowerVR GE8320,1,1
0.0,2021.0,2.0,3.0,1.0,3.0,4.2,8.0,2000.0,720.0,2.0,0.0,0.0,0,2.0,0,0,Touchscreen,0,Unspecified,"Quad-core, 1.4 GHz",Mali T-820,0,1
2.0,2021.0,32.0,1.0,8.0,3.0,5.0,128.0,4000.0,1080.0,5.0,18.0,0.0,1,2.0,1,0,LTPS IPS Touchscreen,0,MediaTek Helio G95 (12 nm),"Octa-core, up to 2.05 GHz",Mali-G76 MC4,1,1
1.0,2021.0,13.0,1.0,4.0,3.0,5.0,64.0,3600.0,1080.0,5.0,18.0,0.0,1,2.0,1,0,IPS Touchscreen,1,Qualcomm Snapdragon 660 (14 nm),"Octa-core, up to 2.2 GHz",Adreno 512,1,1
1.0,2021.0,8.0,3.0,4.0,3.0,5.0,64.0,5000.0,1080.0,3.0,10.0,0.0,1,2.0,1,0,IPS Touchscreen,0,MediaTek Helio G35 (12 nm),"Octa-core, 2.3 GHz",PowerVR GE8320,1,1
1.0,2021.0,13.0,3.0,4.0,3.0,5.0,64.0,5500.0,1080.0,4.0,10.0,0.0,1,2.0,0,0,IPS Touchscreen,0,MediaTek Helio G25 (12 nm),"Octa-core, up to 2.0 GHz GHz",PowerVR GE8320,1,1
0.0,2021.0,8.0,2.0,2.0,3.0,4.2,32.0,6000.0,720.0,3.0,10.0,0.0,1,2.0,0,0,IPS Touchscreen,0,Unspecified,"Octa-core, 1.6 GHz (Cortex-A53)",PowerVR GE8322,1,1
1.0,2020.0,32.0,2.0,4.0,3.0,4.0,128.0,4000.0,1080.0,4.0,18.0,0.0,1,2.0,1,0,LTPS Touchscreen,0,MediaTek Helio P22 (12 nm),"Octa-core, 2.0 GHz (Cortex-A53)",PowerVR GE8320,1,1
0.0,2021.0,8.0,4.0,3.0,3.0,5.0,32.0,4000.0,1080.0,3.0,0.0,0.0,1,2.0,0,0,IPS Touchscreen,0,MediaTek Helio A20 (12 nm),"Quad-core, 1.8 GHz (Cortex-A53)",PowerVR GE8300,1,1
1.0,2020.0,8.0,3.0,4.0,3.0,4.0,64.0,5950.0,1080.0,4.0,10.0,0.0,1,2.0,0,0,IPS Touchscreen,0,MediaTek Helio A25 (12 nm),"Octa-core, 1.8 GHz (Cortex-A53)",PowerVR GE8320,1,1
0.0,2020.0,5.0,3.0,3.0,3.0,4.0,16.0,3000.0,1080.0,3.0,0.0,0.0,1,2.0,0,0,IPS Touchscreen,0,MediaTek Helio A20 (12 nm),"Quad-core, 1.8 GHz (Cortex-A53)",PowerVR GE8300,1,1
0.0,2020.0,8.0,3.0,4.0,3.0,4.0,64.0,4000.0,1080.0,3.0,0.0,0.0,1,2.0,0,0,IPS Touchscreen,0,MediaTek Helio A20,"Quad-core, 1.8 GHz (Cortex-A53)",PowerVR GE8300,1,1
0.0,2020.0,8.0,2.0,4.0,3.0,4.0,64.0,4900.0,1080.0,3.0,10.0,0.0,1,2.0,0,0,IPS Touchscreen,0,MediaTek Helio A20 (12 nm),"Quad-core, 1.8 GHz (Cortex-A53)",PowerVR GE8300,1,1
1.0,2020.0,16.0,2.0,6.0,3.0,4.2,128.0,3950.0,1080.0,5.0,18.0,0.0,1,2.0,1,0,IPS Touchscreen,1,Mediatek Helio P70 (12 nm),"Octa core, up to 2.1 GHz",Mali-G72 MP3,1,1
0.0,2020.0,5.0,3.0,1.0,3.0,4.2,16.0,2000.0,720.0,1.0,0.0,0.0,0,2.0,0,0,Touchscreen,0,Mediatek,"Quad-core, 1.3 GHz",PowerVR GE8100,0,0
0.0,2020.0,8.0,3.0,3.0,3.0,4.0,32.0,3500.0,720.0,4.0,0.0,0.0,1,2.0,0,0,IPS Touchscreen,0,Unisoc SC9863A,"Octa core, 1.6 GHz (Cortex-A55)",PowerVR GE8322,1,1
0.0,2020.0,13.0,2.0,4.0,3.0,4.0,32.0,4000.0,1080.0,5.0,0.0,0.0,1,2.0,0,0,IPS INCELL Touchscreen,0,Mediatek Helio P23 (16 nm),"Octa core, 2.0 GHz",Mali-G71 MP2,1,1
0.0,2019.0,8.0,3.0,3.0,3.0,4.1,32.0,3000.0,720.0,5.0,0.0,0.0,1,2.0,1,0,IPS INCELL Touchscreen,1,MediaTek Helio P60 (12 nm),"Octa core, 1.8 GHz",Mali G72 MP3,1,1
1.0,2019.0,13.0,2.0,4.0,3.0,4.2,32.0,3900.0,1080.0,6.0,10.0,0.0,1,2.0,1,0,IPS INCELL Touchscreen,0,MediaTek,"Octa core, 2.0 GHz",Mali G71 MP2,1,1
0.0,2019.0,8.0,3.0,2.0,3.0,4.0,16.0,2500.0,720.0,1.0,0.0,0.0,1,2.0,0,0,IPS Touchscreen,0,Unisoc SC9863A,"Octa core, 1.6 GHz",PowerVR Rogue GE8322,0,1
0.0,2019.0,8.0,3.0,3.0,3.0,4.2,16.0,3520.0,720.0,3.0,0.0,0.0,1,2.0,0,0,IPS Touchscreen,0,Unisoc SC9863A,"Octa core, 1.6 GHz",PowerVR Rogue GE8322,1,1
0.0,2019.0,8.0,2.0,3.0,3.0,4.2,32.0,4000.0,720.0,5.0,10.0,0.0,1,2.0,0,0,IPS Touchscreen,0,Unisoc SC9863A,"Octa core, 1.6 GHz",PowerVR GE8320,1,1
0.0,2019.0,8.0,3.0,2.0,3.0,4.0,16.0,3200.0,720.0,3.0,0.0,0.0,1,2.0,0,0,IPS Touchscreen,0,Mediatek MT6739WA,"Quad-core, 1.5 GHz",PowerVR GE8100,1,1
1.0,2019.0,16.0,2.0,4.0,3.0,4.2,32.0,3900.0,1080.0,6.0,10.0,0.0,1,2.0,0,0,IPS Touchscreen,0,Mediatek Helio P22 (12 nm),"Octa core, 2.0 GHz",PowerVR GE8320,1,1
0.0,2019.0,8.0,3.0,3.0,3.0,4.0,16.0,3200.0,720.0,4.0,0.0,0.0,1,2.0,0,0,IPS Touchscreen,0,MediaTek MT6739,"Quad-core, 1.5 GHz",PowerVR GE8100,1,1
0.0,2020.0,5.0,3.0,2.0,3.0,4.1,16.0,3000.0,720.0,2.0,0.0,0.0,1,2.0,0,0,IPS Touchscreen,0,,Octa core,,0,1
0.0,2020.0,5.0,2.0,1.0,3.0,4.0,16.0,2500.0,720.0,1.0,0.0,0.0,1,2.0,0,0,Touchscreen,0,,Octa core,,1,1
0.0,2019.0,8.0,3.0,3.0,3.0,4.0,32.0,4000.0,720.0,4.0,10.0,0.0,1,2.0,0,0,IPS Touchscreen,0,Unisoc SC9863A,"Octa core, 1.6 GHz",PowerVR GE8322,1,1
0.0,2019.0,2.0,4.0,512.0,2.0,4.2,8.0,2000.0,0.0,1.0,0.0,0.0,0,2.0,0,0,Touchscreen,0,Mediatek MT6580M,"Quad-core, 1.3 GHz",Mali 400,0,0
0.0,2019.0,5.0,3.0,1.0,3.0,4.2,16.0,2500.0,720.0,3.0,0.0,0.0,0,2.0,0,0,Touchscreen,0,Mediatek MT6739,"Quad-core, 1.3 GHz",PowerVR Rough GE8100,0,0
0.0,2019.0,5.0,3.0,1.0,2.0,4.2,8.0,2400.0,0.0,3.0,0.0,0.0,0,2.0,0,0,Touchscreen,0,Mediatek MT6580,"Quad-core, 1.3 GHz",Mali 400,0,0
0.0,2018.0,5.0,2.0,1.0,3.0,4.2,8.0,2050.0,0.0,2.0,0.0,0.0,1,2.0,0,0,IPS Touchscreen,0,Spreadtrum SC9850,"Quad-core, 1.40 GHz",Mali T-820,0,0
0.0,2019.0,8.0,3.0,1.0,3.0,4.0,8.0,3200.0,720.0,3.0,0.0,0.0,1,2.0,0,0,IPS Touchscreen,0,MediaTek MT6739,"Quad-core, 1.28 GHz",PowerVR GE8100,1,0
0.0,2019.0,5.0,4.0,2.0,4.0,4.0,16.0,2250.0,0.0,1.0,0.0,0.0,0,2.0,0,0,IPS Touchscreen,0,Spreadtrum SC7731E,"Quad-core, 1.3 GHz",Mali-T820,0,1
0.0,2019.0,8.0,3.0,3.0,3.0,4.0,16.0,3200.0,720.0,4.0,0.0,0.0,1,2.0,0,0,IPS Touchscreen,0,MediaTek MT6739,"Quad-core, 1.28 GHz",PowerVR GE8100,1,1
1.0,2019.0,8.0,2.0,3.0,3.0,4.0,16.0,3000.0,1080.0,3.0,0.0,0.0,1,2.0,0,0,IPS Touchscreen,0,MediaTek MT6739,"Quad-core, 1.3 GHz",PowerVR GE8100,1,1
1.0,2018.0,16.0,1.0,6.0,3.0,4.2,64.0,3450.0,1080.0,6.0,10.0,0.0,1,2.0,1,0,IPS Touchscreen,0,Mediatek Helio P23 (16 nm),"Octa core, 2.0 GHz",Mali-G71,1,1
0.0,2018.0,5.0,2.0,3.0,3.0,4.0,16.0,4000.0,0.0,3.0,0.0,0.0,1,2.0,0,0,IPS Touchscreen,0,Mediatek MT6737,"Quad-core, 1.3 GHz",Mali T720,1,1
0.0,2018.0,5.0,2.0,2.0,3.0,4.0,16.0,3000.0,0.0,3.0,0.0,0.0,1,2.0,0,0,IPS Touchscreen,0,Mediatek MT6739,"Quad-core, 1.3 GHz",PowerVR GE8100,1,1
1.0,2018.0,8.0,2.0,3.0,3.0,4.0,32.0,3500.0,720.0,4.0,0.0,0.0,1,2.0,1,0,IPS Touchscreen,0,Mediatek MT6739,"Quad-core, 1.5 GHz",PowerVR GE8100,1,1
0.0,2018.0,8.0,2.0,2.0,3.0,4.0,16.0,3000.0,1080.0,3.0,0.0,0.0,1,2.0,0,0,IPS Touchscreen,0,MediaTek MT6739,"Quad-core, 1.3 GHz",PowerVR GE8100,1,1
0.0,2018.0,5.0,3.0,1.0,3.0,4.0,8.0,4000.0,0.0,3.0,0.0,0.0,1,2.0,0,0,IPS Touchscreen,0,Mediatek MT6739,"Quad-core, 1.3 GHz",PowerVR GE8100,1,0
0.0,2018.0,5.0,2.0,1.0,3.0,4.0,8.0,2700.0,0.0,2.0,0.0,0.0,1,2.0,0,0,IPS Touchscreen,0,Mediatek MT6737H,"Quad-core, 1.25 GHz",Mali-T720,0,0
0.0,2022.0,5.0,2.0,2.0,3.0,4.0,32.0,5000.0,0.0,3.0,18.0,0.0,1,2.0,0,0,IPS Touchscreen,0,Unspecified,"Octa-core, 1.6 GHz",Unspecified,1,1
0.0,2021.0,5.0,2.0,2.0,3.0,4.2,32.0,5000.0,720.0,3.0,0.0,0.0,1,2.0,0,0,IPS LCD Touchscreen,0,UNiSOC SC9863A (28 nm),"Octa-core, 1.6 GHz",PowerVR GE8322,1,1
0.0,2021.0,5.0,2.0,2.0,3.0,4.0,32.0,5000.0,1080.0,3.0,0.0,0.0,1,2.0,0,0,IPS Touchscreen,0,Unisoc SC9863A (28 nm),"Octa-core, 1.6 GHz",PowerVR IMG8322,1,1
0.0,2021.0,2.0,3.0,2.0,3.0,4.2,32.0,3000.0,0.0,2.0,0.0,0.0,1,2.0,0,0,IPS Touchscreen,0,UniSoC SC9832E (28 nm),"Quad-core, 1.4 GHz",PowerVR,0,1
0.0,2021.0,5.0,2.0,1.0,3.0,4.2,16.0,3020.0,0.0,3.0,0.0,0.0,1,2.0,0,0,IPS Touchscreen,0,UniSoC SC7731E (28 nm),"Quad-core, 1.3 GHz",,1,1
0.0,2020.0,8.0,2.0,3.0,3.0,4.2,32.0,4000.0,1080.0,3.0,0.0,0.0,1,2.0,0,0,IPS Touchscreen,0,Unisoc,"Octa-core, 1.6 GHz",PowerVR IMG8322,1,1
0.0,2020.0,8.0,2.0,3.0,3.0,4.2,32.0,4000.0,0.0,3.0,0.0,0.0,1,2.0,0,0,IPS Touchscreen,0,Unisoc SC9832E (28 nm),"Quad-core, 1.4 GHz",Mali T820 MP1,1,1
0.0,2020.0,5.0,3.0,2.0,3.0,4.2,32.0,3000.0,0.0,3.0,0.0,0.0,1,2.0,0,0,IPS Touchscreen,0,UniSoC SC9832E (28 nm),"Quad-core, 1.4 GHz",PowerVR,1,1
0.0,2020.0,8.0,2.0,3.0,3.0,4.2,32.0,5000.0,0.0,3.0,0.0,0.0,1,2.0,0,0,IPS Touchscreen,0,UniSoC SC9863A (28 nm),"Octa-core, 1.6 GHz",PowerVR GE8322,1,1
0.0,2020.0,5.0,2.0,2.0,3.0,4.2,32.0,4000.0,0.0,3.0,0.0,0.0,1,2.0,0,0,IPS Touchscreen,0,UniSoC SC9863A (28 nm),"Octa-core, 1.6 GHz",PowerVR GE8322,1,1
0.0,2019.0,2.0,2.0,1.0,3.0,4.2,16.0,3020.0,0.0,1.0,0.0,0.0,0,2.0,0,0,Touchscreen,0,Spreadtrum SC9832E,"Quad-core, 1.4 GHz",,0,1
0.0,2019.0,16.0,1.0,2.0,3.0,4.0,32.0,3000.0,0.0,4.0,0.0,0.0,1,2.0,0,0,IPS LCD Touchscreen,0,UniSoC SC9863A,"Octa-core, up to 1.6 GHz",PowerVR GE8322,1,1
0.0,2019.0,5.0,2.0,2.0,3.0,4.2,16.0,3000.0,0.0,3.0,0.0,0.0,1,2.0,0,0,IPS Touchscreen,0,UNISOC SC9863A,"Octa-core, up to 1.6 GHz",PowerVR GE8322,1,1
0.0,2019.0,5.0,4.0,1.0,2.0,4.2,16.0,4000.0,0.0,2.0,0.0,0.0,1,2.0,0,0,IPS LCD Touchscreen,0,Spreadtrum SC7731E,"Quad-core, 1.3 GHz",Mali-T820 MP2,1,1
0.0,2019.0,5.0,3.0,2.0,3.0,4.2,16.0,2350.0,0.0,3.0,0.0,0.0,1,2.0,0,0,IPS Touchscreen,0,Unisoc SC9863A,"Octa-core, up to 1.6 GHz",PowerVR GE8322,1,1
0.0,2019.0,5.0,2.0,1.0,2.0,4.2,16.0,2400.0,0.0,2.0,0.0,0.0,1,2.0,0,0,IPS LCD Touchscreen,0,MediaTek MT6580,"Quad-core, 1.3 GHz",Mali-400 MP2,1,1
0.0,2019.0,2.0,3.0,1.0,2.0,4.2,16.0,2150.0,0.0,3.0,0.0,0.0,0,2.0,0,0,IPS LCD Touchscreen,0,MediaTek MT6580,"Quad-core, 1.3 GHz",Mali-400 MP2,1,1
0.0,2017.0,8.0,2.0,3.0,3.0,4.0,16.0,2700.0,0.0,3.0,0.0,0.0,1,2.0,0,0,IPS Touchscreen,0,MediaTek MT6737,"Quad-Core, 1.25 GHz",Mali-T720 MP1,1,0
0.0,2018.0,13.0,1.0,2.0,2.0,4.0,16.0,2400.0,0.0,3.0,0.0,0.0,1,2.0,0,0,IPS Touchscreen,0,MediaTek MT6580,"Quad-Core, 1.3 GHz",Mali-400,1,1
0.0,2018.0,5.0,3.0,2.0,3.0,4.0,16.0,2400.0,0.0,4.0,0.0,0.0,1,2.0,0,0,IPS Touchscreen,0,MediaTek MT6737M,"Quad-Core, 1.1 GHz",Mali-400,1,0
0.0,2018.0,5.0,3.0,1.0,2.0,4.0,8.0,4000.0,0.0,3.0,0.0,0.0,1,2.0,0,0,IPS Touchscreen,0,MediaTek MT6580,"Quad-Core, 1.3 GHz",Mali-400,1,0
1.0,2022.0,5.0,4.0,3.0,3.0,5.0,64.0,5000.0,720.0,3.0,10.0,0.0,1,2.0,0,0,IPS LCD Touchscreen,0,Unisoc SC9863A (28nm),"Octa-core, up to 1.6 GHz",PowerVR GE8322,1,1
1.0,2022.0,8.0,4.0,4.0,3.0,5.0,64.0,6000.0,1080.0,4.0,10.0,0.0,1,2.0,0,0,IPS LCD Touchscreen,0,Mediatek Helio G35 (12 nm),"Octa-core, up to 2.3 GHz",PowerVR GE8320,1,1
1.0,2022.0,16.0,3.0,8.0,3.0,5.0,128.0,5000.0,1080.0,5.0,33.0,0.0,1,2.0,1,0,IPS LCD Touchscreen,0,Mediatek Helio G96 (12 nm),"Octa-core, up to 2.05 GHz",Mali-G57 MC2,1,1
0.0,2022.0,8.0,2.0,2.0,3.0,4.0,32.0,6000.0,1080.0,2.0,10.0,0.0,1,2.0,0,0,IPS LCD Touchscreen,0,Unspecified,"Octa-core, 1.6 GHz",PowerVR GE8322,1,1
1.0,2022.0,8.0,3.0,6.0,3.0,5.0,128.0,5000.0,1440.0,5.0,18.0,0.0,1,2.0,1,0,IPS Touchscreen,1,Mediatek Helio G88 (12 nm),"Octa-core, up to 2.0 GHz",Mali-G52 MC2,1,1
1.0,2022.0,16.0,3.0,6.0,3.0,5.0,128.0,5000.0,1080.0,4.0,18.0,0.0,1,2.0,1,0,IPS LCD Touchscreen,0,Mediatek Helio G85 (12 nm),"Octa-core, up to 2.0 GHz",Mali-G52 MC2,1,1
1.0,2022.0,8.0,4.0,4.0,3.0,5.0,128.0,6000.0,1080.0,4.0,10.0,0.0,1,2.0,0,0,IPS LCD Touchscreen,0,Mediatek Helio G85 (12 nm),"Octa-core, up to 2.0 GHz",Mali-G52 MC2,1,1
0.0,2022.0,8.0,4.0,4.0,3.0,5.0,64.0,6000.0,1080.0,4.0,10.0,0.0,1,2.0,0,0,IPS LCD Touchscreen,0,Mediatek Helio G35 (12 nm),"Octa-core, up to 2.0 GHz",Mali-G52 MC2,1,1
0.0,2022.0,5.0,3.0,2.0,3.0,5.0,32.0,5000.0,1080.0,3.0,0.0,0.0,1,2.0,0,0,TFT Touchscreen,0,MediaTek Helio A20 (12 nm),"Quad-core, 1.8 GHz",PowerVR GE8320,1,1
1.0,2022.0,8.0,3.0,6.0,3.0,5.0,128.0,5200.0,1080.0,4.0,18.0,0.0,1,2.0,0,0,IPS LCD Touchscreen,1,Mediatek Helio G80 (12 nm),"Octa-core, up to 2.0 GHz",Mali-G52 MC2,1,1
0.0,2022.0,8.0,3.0,3.0,3.0,4.2,64.0,5000.0,1080.0,3.0,10.0,0.0,1,2.0,0,0,IPS LCD Touchscreen,0,MediaTek Helio A20 (12 nm),"Quad-core, 1.8 GHz",PowerVR GE8320,1,1
1.0,2022.0,8.0,4.0,6.0,3.0,5.0,64.0,5200.0,1080.0,5.0,10.0,0.0,1,2.0,0,0,TFT Touchscreen,0,Mediatek Helio G70 (12 nm),"Octa-core, up to 2.0 GHz",Mali-G52 2EEMC2,1,1
1.0,2022.0,16.0,3.0,6.0,3.0,5.0,64.0,5000.0,1080.0,4.0,18.0,0.0,1,2.0,0,0,IPS LCD Touchscreen,1,Mediatek Helio G70 (12 nm),"Octa-core, up to 2.0 GHz",Mali-G52 2EEMC2,1,1
0.0,2022.0,8.0,4.0,4.0,3.0,5.0,32.0,6000.0,1080.0,5.0,10.0,0.0,1,2.0,0,0,IPS LCD Touchscreen,0,MediaTek Helio A25 (12 nm),"Octa-core, up to 1.8 GHz",PowerVR GE8320,1,1
0.0,2022.0,5.0,3.0,2.0,3.0,5.0,32.0,4000.0,1080.0,5.0,0.0,0.0,0,2.0,0,0,IPS LCD Touchscreen,0,Mediatek Helio A22 (12 nm),"Quad-core, 2.0 GHz",PowerVR GE8320,1,1
1.0,2022.0,32.0,3.0,4.0,3.0,5.0,64.0,4000.0,1080.0,5.0,10.0,0.0,1,2.0,0,0,IPS LCD Touchscreen,0,MediaTek Helio P22 (12 nm),"Octa-core, 2.0 GHz",PowerVR GE8320,1,1
1.0,2022.0,8.0,4.0,4.0,3.0,5.0,64.0,5000.0,0.0,4.0,10.0,0.0,1,2.0,0,0,IPS LCD Touchscreen,0,MediaTek MT6762 Helio P22 (12 nm),"Octa-core, 2.0 GHz",PowerVR GE8320,1,1
0.0,2019.0,8.0,1.0,3.0,3.0,5.0,32.0,3500.0,0.0,5.0,0.0,0.0,1,2.0,0,0,IPS LCD Touchscreen,0,MediaTek Helio A22,"Quad-core, 2.0 GHz",PowerVR GE8320,1,1
1.0,2022.0,32.0,1.0,3.0,3.0,5.0,32.0,4000.0,0.0,5.0,10.0,0.0,1,2.0,0,0,IPS LCD Touchscreen,0,MediaTek Helio P22 (12 nm),"Octa-core, 2.0 GHz",PowerVR GE8320,1,1
1.0,2022.0,16.0,3.0,4.0,3.0,4.2,32.0,4000.0,0.0,5.0,10.0,0.0,1,2.0,0,0,IPS LCD Touchscreen,0,Qualcomm Snapdragon 430 (28 nm),"Octa-core, 1.4 GHz",Adreno 505,1,1
0.0,2022.0,8.0,3.0,2.0,3.0,4.2,16.0,3050.0,0.0,5.0,0.0,0.0,1,2.0,0,0,IPS LCD Touchscreen,0,MediaTek MT6739,"Quad-core, 1.5 GHz",PowerVR GE8100,1,1
1.0,2022.0,16.0,2.0,4.0,3.0,4.2,32.0,4500.0,1080.0,5.0,10.0,0.0,1,2.0,0,0,LTPS IPS LCD Touchscreen,0,MediaTek Helio P23 (16 nm),"Octa-core, 2.0 GHz",Mali G71 MP2,1,1
0.0,2022.0,5.0,4.0,3.0,3.0,4.1,32.0,4000.0,0.0,4.0,0.0,0.0,1,2.0,0,0,IPS LCD Touchscreen,0,Qualcomm Snapdragon 425 (28 nm),"Quad-core, 1.4 GHz",Adreno 308,1,1
1.0,2022.0,20.0,2.0,3.0,3.0,4.2,32.0,4000.0,0.0,4.0,0.0,0.0,1,2.0,0,0,IPS LCD Touchscreen,0,Qualcomm Snapdragon 430 (28 nm),"Octa-core, 1.4 GHz",Adreno 505,1,1
3.0,2021.0,32.0,3.0,8.0,4.0,5.2,128.0,4500.0,1080.0,5.0,65.0,0.0,1,2.0,1,1,Fluid AMOLED Touchscreen,1,MediaTek Dimensity 1200 5G (6 nm),"Octa core, up to 3.0 GHz",Mali G77 MC9,1,1
2.0,2021.0,16.0,3.0,8.0,4.0,5.1,128.0,4500.0,1080.0,5.0,30.0,0.0,1,2.0,1,1,Fluid AMOLED Touchscreen,0,Qualcomm Snapdragon 750G 5G (8 nm),"Octa core, up to 2.2 GHz",Adreno 619,1,1
1.0,2020.0,8.0,1.0,4.0,3.0,5.0,64.0,5000.0,1080.0,5.0,18.0,0.0,1,2.0,1,1,IPS LCD Touchscreen,1,Qualcomm Snapdragon 460 (11 nm),"Octa core, up to 1.8 GHz",Adreno 610,1,1
2.0,2020.0,16.0,1.0,6.0,4.0,5.1,128.0,4300.0,1080.0,5.0,30.0,0.0,1,2.0,1,1,IPS LCD Touchscreen,1,Qualcomm Snapdragon 690 5G (8 nm),"Octa core, up to 2.0 GHz",Adreno 619L,1,1
3.0,2020.0,32.0,2.0,12.0,4.0,5.1,64.0,4115.0,2160.0,5.0,30.0,0.0,1,2.0,1,1,Fluid AMOLED Touchscreen,1,Qualcomm Snapdragon 765G (7 nm),"Octa core, up to 2.4 GHz",Adreno 620,1,1
4.0,2020.0,16.0,3.0,12.0,4.0,5.1,128.0,4510.0,1080.0,5.0,30.0,68.0,1,3.1,1,0,Fluid AMOLED Touchscreen,1,Qualcomm Snapdragon 865 (7nm+),"Octa core, up to 2.84 GHz",Adreno 650,1,1
3.0,2020.0,16.0,4.0,8.0,4.0,5.1,128.0,4300.0,1080.0,5.0,30.0,0.0,1,3.1,1,0,Fluid AMOLED Touchscreen,1,Qualcomm Snapdragon 865 (7nm+),"Octa core, up to 2.84 GHz",Adreno 650,1,1
4.0,2019.0,16.0,2.0,8.0,3.0,5.0,128.0,4085.0,1080.0,5.0,30.0,0.0,1,3.1,1,0,Fluid AMOLED Touchscreen,1,Qualcomm Snapdragon 855+ (7 nm),"Octa core, up to 2.96 GHz",Adreno 640,1,1
3.0,2019.0,16.0,2.0,8.0,3.0,5.0,128.0,3800.0,1080.0,5.0,30.0,0.0,1,3.1,1,0,Fluid AMOLED Touchscreen,1,Qualcomm SDM855 Snapdragon 855+ (7 nm),"Octa core, up to 2.96 GHz",Adreno 640,1,1
3.0,2019.0,16.0,2.0,12.0,3.0,5.0,128.0,3700.0,1080.0,6.0,20.0,0.0,1,3.1,1,0,Optic AMOLED Touchscreen,1,Qualcomm Snapdragon 855 (7 nm),"Octa core, up to 2.84 GHz",Adreno 640,1,1
4.0,2019.0,16.0,3.0,12.0,3.0,5.0,128.0,4000.0,1080.0,7.0,30.0,0.0,1,3.1,1,0,Fluid AMOLED Touchscreen,1,Qualcomm Snapdragon 855 (7 nm),"Octa core, up to 2.84 GHz",Adreno 640,1,1
2.0,2018.0,16.0,3.0,8.0,3.0,5.0,128.0,3700.0,1080.0,7.0,20.0,0.0,1,3.1,1,0,Optic AMOLED Touchscreen,1,Qualcomm Snapdragon 845 (10 nm),"Octa core, up to 2.8 GHz",Adreno 630,1,1
3.0,2018.0,16.0,4.0,8.0,3.0,5.0,64.0,3300.0,1080.0,6.0,20.0,0.0,1,3.1,1,1,Optic AMOLED Touchscreen,1,Qualcomm Snapdragon 845 (10 nm),"Octa core, up to 2.84 GHz",Adreno 630,1,1
2.0,2017.0,16.0,3.0,8.0,3.0,5.0,64.0,3300.0,1080.0,6.0,20.0,0.0,1,3.1,1,1,Optic AMOLED Touchscreen,1,Qualcomm Snapdragon 835 (10 nm),"Octa core, up to 2.45 GHz",Adreno 540,1,1
2.0,2021.0,32.0,2.0,6.0,3.0,5.0,128.0,6000.0,2160.0,4.0,20.0,0.0,1,2.0,1,1,IPS LCD Touchscreen,0,Qualcomm Snapdragon 732G (8 nm),"Octa-core, up to 2.3 GHz",Adreno 618,1,1
1.0,2021.0,16.0,2.0,6.0,3.0,5.0,64.0,6000.0,2160.0,4.0,20.0,0.0,1,2.0,1,1,IPS LCD Touchscreen,0,Qualcomm Snapdragon 732G (8 nm),"Octa-core, up to 2.3 GHz",Adreno 618,1,1
1.0,2021.0,8.0,2.0,4.0,3.0,5.0,64.0,6000.0,1080.0,4.0,20.0,0.0,1,2.0,1,0,IPS LCD Touchscreen,0,Qualcomm Snapdragon 460 (11 nm),"Octa core, up to 1.8 GHz",Adreno 610,1,1
1.0,2021.0,13.0,2.0,6.0,3.0,5.0,128.0,5000.0,1080.0,4.0,20.0,0.0,1,2.0,1,1,IPS LCD Touchscreen,0,Qualcomm Snapdragon 662 (11 nm),"Octa core, up to 2.0 GHz",Adreno 610,1,1
1.0,2020.0,8.0,2.0,4.0,3.0,5.0,64.0,5000.0,1080.0,3.0,10.0,0.0,1,2.0,1,0,IPS LCD Touchscreen,0,Qualcomm Snapdragon 460 (11 nm),"Octa core, up to 1.8 GHz",Adreno 610,1,1
2.0,2020.0,16.0,2.0,6.0,3.0,5.0,128.0,5000.0,1080.0,4.0,30.0,0.0,1,2.0,1,1,LTPS IPS LCD Touchscreen,0,Qualcomm Snapdragon 730G (8 nm),"Octa core, up to 2.2 GHz",Adreno 618,1,1
1.0,2020.0,8.0,3.0,4.0,3.0,5.0,64.0,5000.0,1080.0,4.0,20.0,0.0,1,2.0,1,1,IPS LCD Touchscreen,0,Qualcomm Snapdragon 662 (11 nm),"Octa core, up to 2.0 GHz",Adreno 610,1,1
1.0,2020.0,8.0,2.0,4.0,3.0,4.2,64.0,5000.0,1080.0,4.0,10.0,0.0,1,2.0,0,0,IPS LCD Touchscreen,0,Mediatek Helio P35 (12nm),"Octa core, up to 2.3 GHz",PowerVR GE8320,1,1
1.0,2019.0,8.0,3.0,4.0,3.0,4.2,32.0,3000.0,1080.0,3.0,10.0,0.0,1,2.0,0,0,IPS LCD Touchscreen,0,Mediatek Helio P22 (12 nm),"Octa core, 2.0 GHz",PowerVR GE8320,1,1
1.0,2019.0,12.0,3.0,4.0,3.0,5.0,128.0,3500.0,1080.0,5.0,10.0,0.0,1,2.0,1,0,LTPS IPS LCD Touchscreen,0,Exynos 9609,"Octa core, up to 2.2 GHz",Mali-G72 MP3,1,1
1.0,2019.0,8.0,2.0,4.0,3.0,4.2,64.0,5000.0,1080.0,6.0,15.0,0.0,1,2.0,1,0,LTPS IPS LCD Touchscreen,1,Qualcomm Snapdragon 632 (14 nm),"Octa core, 1.8 GHz",Adreno 506,1,1
1.0,2018.0,8.0,2.0,4.0,3.0,5.0,64.0,3000.0,1080.0,5.0,15.0,0.0,1,2.0,1,1,LTPS IPS LCD Touchscreen,1,Qualcomm Snapdragon 625 (14 nm),"Octa core, 2.0 GHz",Adreno 506,1,1
1.0,2018.0,8.0,4.0,3.0,3.0,4.2,32.0,5000.0,0.0,3.0,10.0,0.0,1,2.0,0,0,IPS LCD Touchscreen,1,Qualcomm Snapdragon 425 (28 nm),"Quad-core, 1.4 GHz",Adreno 308,1,1
0.0,2017.0,5.0,3.0,3.0,3.0,4.2,16.0,5000.0,0.0,3.0,15.0,0.0,1,2.0,0,0,IPS LCD Touchscreen,1,Mediatek MT6737 (28 nm),"Quad-core, 1.3 GHz",Mali-T720,1,1
1.0,2021.0,8.0,2.0,4.0,3.0,5.0,64.0,5050.0,1080.0,4.0,10.0,0.0,1,2.0,1,0,IPS LCD Touchscreen,0,MediaTek Helio G35 (12 nm),"Octa-core, up to 2.3 GHz",PowerVR GE8320,1,1
1.0,2021.0,8.0,2.0,4.0,3.0,5.0,32.0,5050.0,1080.0,3.0,10.0,0.0,1,2.0,1,0,IPS LCD Touchscreen,0,MediaTek Helio G25 (12nm),"Octa-core, up to 2.0 GHz",PowerVR GE8320,1,1
0.0,2021.0,240.0,3.0,8.0,1.0,5.0,16.0,1150.0,0.0,1.0,0.0,0.0,0,2.0,0,0,TFT,1,Unisoc 6531F,,,0,0
1.0,2020.0,8.0,3.0,4.0,3.0,4.2,64.0,4000.0,1080.0,4.0,10.0,0.0,1,2.0,1,0,IPS LCD Touchscreen,0,Qualcomm Snapdragon 460 (11 nm),"Octa-core, up to 1.8 GHz",Adreno 610,1,1
0.0,2020.0,240.0,2.0,8.0,1.0,3.9,16.0,1200.0,0.0,1.0,0.0,0.0,0,1.1,0,0,TFT,1,Mediatek MT6260A,,,0,0
1.0,2019.0,5.0,3.0,2.0,3.0,5.0,32.0,4000.0,1080.0,2.0,0.0,0.0,1,2.0,0,0,IPS LCD Touchscreen,0,Mediatek Helio A22 (12 nm),"Quad-core, 2.0 GHz",PowerVR GE8320,0,1
2.0,2019.0,20.0,3.0,6.0,3.0,5.0,64.0,3500.0,1080.0,4.0,10.0,0.0,1,2.0,1,0,IPS LCD Touchscreen,1,Qualcomm Snapdragon 660 (14 nm),"Octa-core, up to 2.2 GHz",Adreno 509,1,1
1.0,2019.0,8.0,2.0,4.0,3.0,5.0,32.0,3500.0,1080.0,4.0,10.0,0.0,1,2.0,1,0,IPS LCD Touchscreen,1,Qualcomm Snapdragon 636 (14 nm),"Octa-core, 1.8 GHz",Adreno 509,1,1
1.0,2019.0,240.0,2.0,512.0,3.0,4.1,4.0,2100.0,0.0,1.0,0.0,68.0,0,2.0,0,0,TFT,1,Qualcomm Snapdragon 205 (28 nm),,Adreno 304,0,0
0.0,2019.0,240.0,2.0,512.0,3.0,4.2,4.0,1500.0,0.0,1.0,0.0,0.0,0,2.0,0,0,TFT,1,Qualcomm Snapdragon 205 (28 nm),,Adreno 304,0,0
0.0,2019.0,240.0,2.0,16.0,3.0,4.2,24.0,1200.0,320.0,1.0,0.0,0.0,0,2.0,0,0,TFT,1,,,,0,0
0.0,2019.0,120.0,3.0,4.0,1.0,4.0,4.0,2000.0,0.0,1.0,0.0,0.0,0,2.0,0,0,TFT,1,,,,0,0
0.0,2019.0,120.0,3.0,4.0,1.0,4.0,4.0,2000.0,0.0,1.0,0.0,0.0,0,1.1,0,0,TFT,1,,,,0,0
0.0,2019.0,5.0,2.0,3.0,3.0,4.2,16.0,3000.0,1080.0,2.0,0.0,0.0,1,2.0,0,0,IPS LCD Touchscreen,0,Mediatek Helio A22 (12 nm),"Quad-core, 2.0 GHz",PowerVR GE8320,0,1
1.0,2019.0,5.0,2.0,3.0,3.0,4.2,32.0,4000.0,0.0,4.0,10.0,0.0,1,2.0,0,0,IPS LCD Touchscreen,0,Qualcomm Snapdragon 429,"Quad-core, up to 1.8 GHz",Adreno 504,1,1
0.0,2017.0,240.0,4.0,16.0,1.0,3.0,16.0,1200.0,0.0,1.0,0.0,0.0,0,2.0,0,0,TFT,1,,,,0,0
0.0,2019.0,5.0,3.0,1.0,3.0,4.2,8.0,2500.0,0.0,3.0,0.0,0.0,0,2.0,0,0,IPS Touchscreen,0,Mediatek MT6739WW (28 nm),"Quad-core, 1.5 GHz",PowerVR GE8100,0,0
2.0,2018.0,20.0,6.0,6.0,3.0,5.0,64.0,3500.0,1080.0,5.0,18.0,0.0,1,2.0,1,1,IPS LCD Touchscreen,1,Qualcomm Snapdragon 710 (10 nm),"Octa-core, up to 2.2 GHz",Adreno 616,1,1
2.0,2018.0,16.0,2.0,6.0,3.0,5.0,64.0,3800.0,1080.0,5.0,18.0,0.0,1,2.0,1,1,IPS LCD Touchscreen,1,Qualcomm Snapdragon 660 (14 nm),"Octa-core, up to 2.2 GHz",Adreno 512,1,1
0.0,2018.0,240.0,2.0,512.0,3.0,4.1,4.0,1500.0,0.0,1.0,0.0,52.0,0,2.0,0,0,TFT,1,Qualcomm Snapdragon 205 (28 nm),,Adreno 304,0,0
2.0,2018.0,16.0,3.0,6.0,3.0,5.0,32.0,3060.0,1080.0,5.0,18.0,0.0,1,2.0,1,0,IPS LCD Touchscreen,1,Qualcomm Snapdragon 636 (14 nm),"Octa-core, 1.8 GHz",Adreno 509,1,1
1.0,2018.0,8.0,3.0,4.0,3.0,5.0,32.0,3000.0,1080.0,5.0,18.0,0.0,1,2.0,1,1,IPS LCD Touchscreen,1,Qualcomm Snapdragon 630 (14 nm),"Octa-core, 2.2 GHz",Adreno 508,1,1
1.0,2017.0,8.0,5.0,4.0,3.0,4.1,32.0,3000.0,1080.0,5.0,10.0,0.0,1,2.0,0,1,IPS LCD Touchscreen,1,Qualcomm Snapdragon 430 (28 nm),"Octa-core, 1.4 GHz",Adreno 505,1,1
0.0,2017.0,8.0,4.0,3.0,3.0,4.1,16.0,3000.0,1080.0,5.0,0.0,0.0,1,2.0,0,1,IPS LCD Touchscreen,1,Qualcomm Snapdragon 430 (28 nm),"Octa-core, 1.4 GHz",Adreno 505,1,1
0.0,2016.0,240.0,3.0,16.0,1.0,3.0,16.0,1020.0,320.0,1.0,0.0,0.0,0,2.0,0,0,TFT,1,,,,0,0
1.0,2018.0,8.0,3.0,6.0,3.0,4.2,32.0,3060.0,1080.0,5.0,0.0,0.0,1,2.0,1,0,IPS LCD Touchscreen,0,Mediatek Helio P60 (12 nm),"Octa-core, 1.8 GHz",Mali-G72 MP3,1,1
1.0,2018.0,8.0,3.0,3.0,3.0,4.1,16.0,3500.0,720.0,5.0,10.0,0.0,1,2.0,0,0,IPS LCD Touchscreen,0,Mediatek Helio P22 (12 nm),"Octa-core, up to 1.95 GHz",PowerVR GE8320,1,1
0.0,2018.0,5.0,3.0,1.0,3.0,4.2,8.0,4000.0,1080.0,2.0,10.0,0.0,1,2.0,0,0,IPS LCD Touchscreen,1,Qualcomm Snapdragon 425 (28 nm),"Quad-core, 1.4 GHz",Adreno 308,0,1
1.0,2018.0,8.0,3.0,3.0,3.0,4.2,16.0,2970.0,1080.0,5.0,0.0,0.0,1,2.0,0,1,IPS LCD Touchscreen,1,MediaTek Helio P18,"Octa-core, up to 2.0 GHz",Mali-T860 MP2,1,1
1.0,2018.0,8.0,3.0,3.0,3.0,4.2,16.0,2990.0,720.0,4.0,0.0,0.0,1,2.0,0,0,IPS LCD Touchscreen,1,Mediatek MT6750 (28 nm),"Octa-core, up to 1.5 GHz",Mali-T860 MP2,0,1
2.0,2017.0,13.0,4.0,6.0,3.0,5.0,64.0,3090.0,2160.0,5.0,18.0,54.0,1,3.1,1,1,IPS LCD Touchscreen,1,Qualcomm Snapdragon 835 (10 nm),"Octa-core, up to 2.5 GHz",Adreno 540,1,1
0.0,2017.0,8.0,4.0,2.0,3.0,4.0,16.0,2630.0,720.0,4.0,0.0,0.0,1,2.0,0,0,IPS LCD Touchscreen,1,Mediatek MT6737 (28 nm),"Quad-core, 1.4 GHz",Mali-T720 MP1,0,0
0.0,2017.0,5.0,3.0,1.0,3.0,4.1,8.0,4100.0,720.0,3.0,0.0,0.0,1,2.0,0,0,LTPS IPS LCD Touchscreen,1,Qualcomm Snapdragon 212 (28 nm),"Quad-core, 1.3 GHz",Adreno 304,0,0
0.0,2018.0,2.0,2.0,1.0,3.0,4.2,8.0,2150.0,0.0,3.0,0.0,0.0,0,2.0,0,0,IPS LCD Touchscreen,0,Mediatek MT6737M (28 nm),"Quad-core, 1.1 GHz",Mali-T720 MP1,0,0
